player_name,auction_value
Shohei Ohtani,84.8744727141151
Aaron Judge,68.1124527353068
Juan Soto,52.924067406429096
Yordan Alvarez,49.60915759823803
Ronald Acuña Jr.,44.97453832533674
Bobby Witt Jr.,43.87727894251386
Elly De La Cruz,41.10619051302515
José Ramírez,38.8647032332153
Gunnar Henderson,38.813393149468354
Vladimir Guerrero Jr.,35.96665452013278
Brent Rooker,35.36108211388744
Corbin Carroll,32.8662749768609
Kyle Schwarber,32.261721217680524
Mookie Betts,32.01641562984081
Julio Rodríguez,31.96059152547631
Freddie Freeman,31.487683870988043
Rafael Devers,30.13740728433176
Francisco Lindor,30.023737582820143
Fernando Tatis Jr.,29.770219915916808
Bryce Harper,29.354626873696517
Matt Olson,28.852731560669348
Pete Alonso,27.419401506972417
Anthony Santander,26.64654548346709
William Contreras,25.58306136499182
Wyatt Langford,25.235853235095195
Austin Riley,24.929367362475343
Teoscar Hernández,23.15972443181124
Cal Raleigh,22.960394719104425
Corey Seager,22.91161573144732
Will Smith,20.57028838076612
Ketel Marte,20.293352580522733
Jazz Chisholm Jr.,20.165592326920983
Trea Turner,19.95581292461419
Kyle Tucker,19.60089311839616
Jarren Duran,19.213990266099824
James Wood,19.07679028860915
Shea Langeliers,18.720488217876927
Manny Machado,18.61042743830884
Oneil Cruz,18.05250403745638
Jackson Chourio,17.766517443466004
Marcell Ozuna,17.35585428575696
Michael Harris II,17.30112521170762
Salvador Perez,17.239515367263078
Ian Happ,16.468032045994704
Spencer Steer,16.411123322176685
Jackson Merrill,16.367565612810253
Yainer Diaz,16.201279686548375
Adley Rutschman,16.19527721777404
Adolis García,15.887334120697544
Marcus Semien,15.373122991670144
Seiya Suzuki,15.338518333246302
Isaac Paredes,14.441096871310735
Randy Arozarena,14.363361978771753
Bryan Reynolds,13.67826757894309
Zach Neto,13.526752332699107
Josh Naylor,13.45006387256775
Logan O'Hoppe,12.917104610231863
Jake Burger,12.885408006710236
Riley Greene,12.554797556132796
Hunter Goodman,12.52015617340106
Matt Wallner,12.359212421331844
Matt McLain,12.341757839642923
Willy Adames,12.33706776629011
Spencer Torkelson,12.238578789660997
Jose Altuve,11.899841799745476
Cody Bellinger,11.787537881573266
CJ Abrams,11.688253545726926
Paul Goldschmidt,11.599885398791749
Ezequiel Tovar,11.23308231544878
Brandon Nimmo,11.222728877466867
Alex Bregman,11.134073692304815
Christian Walker,10.738851787855856
Matt Chapman,10.716594102695964
Colton Cowser,10.606329668176262
Connor Norby,10.407227786303547
Tyler Stephenson,10.219195236340028
Tyler O'Neill,10.1194409440141
Mark Vientos,10.07556082259048
Agustin Ramirez,9.951594674684245
Dalton Rushing,9.614351344476496
Francisco Alvarez,9.311866853882018
Christian Yelich,9.055867024193407
Christopher Morel,8.835564880457202
Kristian Campbell,8.657626428755515
Andy Pages,8.481751682890987
Lawrence Butler,8.197585137692666
Vinnie Pasquantino,8.161097830703282
J.T. Realmuto,8.048157043503434
Nolan Gorman,7.79559994787237
Michael Busch,7.761745275032864
Brenton Doyle,7.59595796776888
Pete Crow-Armstrong,7.584709188714143
Alec Bohm,7.508504382959882
Jackson Holliday,7.346419257096576
Willson Contreras,7.300669134688296
Heliot Ramos,7.045381067331096
Joc Pederson,7.037428485907012
Michael Toglia,6.7100502738834145
Lane Thomas,6.6890682821491625
Nathaniel Lowe,6.564285105664432
Jack Suwinski,6.304442598321259
Anthony Volpe,5.996465860511667
Samuel Basallo,5.9693393541349655
Taylor Ward,5.899336815828599
Ozzie Albies,5.661589354957796
Sean Murphy,5.621495700517758
Ryan Jeffers,5.511289801421443
Jorge Soler,5.09477881786397
Bo Naylor,4.816915591691941
Christian Encarnacion-Strand,4.717860598788342
Nick Castellanos,4.637951061241775
Luis Robert Jr.,4.55773218793243
Ryan McMahon,4.4762968685869335
Andrés Giménez,4.4098965070608624
Carlos Correa,4.322311094332593
Eugenio Suárez,4.144495187312549
Steven Kwan,4.134254191439828
Ben Rice,4.105498124545811
Max Muncy,3.731871935971325
Ceddanne Rafaela,3.64898643434229
Brandon Lowe,3.5821382201061023
Josh Lowe,3.5320193900429224
Adrian Del Castillo,3.4416981955469157
James Outman,3.3035249860277136
Dansby Swanson,3.283150498397314
Jordan Westburg,3.2522940653167214
Jesús Sánchez,3.2456733668008466
Henry Davis,3.172574228022279
Wes Clarke,3.0944254460700233
Colt Keith,3.0575397363667607
Jo Adell,3.0100045297945046
Alec Burleson,2.9819315776152626
Austin Wells,2.962279742668639
Nico Hoerner,2.812679358257794
Daulton Varsho,2.7260213204205304
Cedric Mullins,2.6139724100213577
Spencer Horwitz,2.4887248032323024
Brewer Hicklen,2.485435338752419
Carson Williams,2.190129060992084
Gleyber Torres,2.116854553429929
Jasson Domínguez,2.100214997935124
Yandy Díaz,2.004451581771602
Dylan Crews,1.9195229360485828
Wilyer Abreu,1.8689792387812143
Zack Gelof,1.85310014745874
Kyle Manzardo,1.729695211419635
JJ Bleday,1.6589735032394073
Rhys Hoskins,1.6384392270134098
Roman Anthony,1.6355390770871996
Jurickson Profar,1.6024159552669737
Bo Bichette,1.5995748550146562
Colby Thomas,1.515324510790407
Matt Shaw,1.4883200422081642
Esteury Ruiz,1.4646081092709855
Byron Buxton,1.4494921589702687
Mike Trout,1.4246993130459225
Coby Mayo,1.3428473940783134
Nolan Jones,1.2873541174584158
Shay Whitcomb,1.2717942223568923
Tyler Fitzgerald,1.246859385755874
Deyvison De Los Santos,1.1923110017947904
Luis García Jr.,1.1089161028857435
Masyn Winn,1.0
Brendan Donovan,1.0
Andrew Vaughn,1.0
Nolan Arenado,1.0
Johnathan Rodriguez,1.0
Connor Wong,1.0
David Fry,0.8158500217289959
Ryan Ward,0.7855698804325083
Lars Nootbaar,0.7115974119446347
Blake Sabol,0.7039601698045499
Jonathan India,0.6479093268231151
Parker Meadows,0.411679528818089
Drake Baldwin,0.1832578914938862
Harry Ford,0.014549468777655
George Springer,-0.0828624993979003
Triston Casas,-0.1144009418856877
Junior Caminero,-0.1926848785843886
MJ Melendez,-0.1990797482947119
Chandler Simpson,-0.2155438608147677
Kerry Carpenter,-0.2649927917300789
Josh Bell,-0.3690604697917066
Jeimer Candelario,-0.3733241468951553
Endy Rodríguez,-0.6905157870939846
Giancarlo Stanton,-0.7214056523272017
Heston Kjerstad,-0.7793505953253315
Luke Keaschall,-0.7976522788183067
Cole Carrigg,-0.8092056010273849
Gabriel Moreno,-0.9679129630549108
Moises Ballesteros,-1.1547211549665928
Kyle Teel,-1.2075373293602505
Carter Jensen,-1.2105074376681055
Pedro León,-1.265526514866946
Ricardo Olivar,-1.266577737282597
Keibert Ruiz,-1.354472211788328
Elehuris Montero,-1.3735043254103712
Jake McCarthy,-1.3926013958277017
Leody Taveras,-1.4103642844155346
Jeremy Peña,-1.462213407635911
Blaine Crim,-1.5771320534622126
Luke Raley,-1.8978710067104156
Jonathan Aranda,-1.9911545729488132
Edouard Julien,-1.9923576278522663
Jonatan Clase,-2.0032670565174593
Keston Hiura,-2.035504345463466
Iván Herrera,-2.061556393553395
Bryson Stott,-2.0728376976157556
Lourdes Gurriel Jr.,-2.138041807668575
Nolan Schanuel,-2.1440581768720532
Joe Mack,-2.2947531879881504
Brice Turang,-2.351127387048412
Ryan O'Hearn,-2.370073486856093
Andrew Benintendi,-2.384968334998301
Masataka Yoshida,-2.5271683010889197
Jordan Walker,-2.6064221867414346
Jarred Kelenic,-2.634455485368814
Brandon Marsh,-2.6410474227662974
Miguel Vargas,-2.6772428919706535
Tyler Black,-2.679347306046478
Jake Cronenworth,-2.7791220581569593
Ryan Mountcastle,-2.9142719010770453
Gustavo Campero,-2.966508116926877
Dillon Dingler,-2.966845526361618
Payton Eeles,-3.0909463514181255
Willi Castro,-3.18682129155554
Dairon Blanco,-3.23409188302554
Nick Gonzales,-3.2468711698773234
Alex Freeland,-3.293924833000964
Jonah Heim,-3.3644028249761355
Jhonkensy Noel,-3.38188485111396
Bob Seymour,-3.465548750931569
Brayden Taylor,-3.4986815085639007
Michael Conforto,-3.624662275698433
Ty France,-3.7280195423425546
Andrés Chaparro,-3.8793716654384696
Taylor Trammell,-3.902366482660315
Alan Roden,-3.931445339067672
Luis Arraez,-3.9690726656487625
Maikel Garcia,-4.0622579613279575
Thayron Liranzo,-4.0677062389083245
Danny Jansen,-4.1194741722977355
Thairo Estrada,-4.19711940687889
Eguy Rosario,-4.206389639078099
Drew Waters,-4.2361420797614855
Trey Cabbage,-4.296129518986215
Weston Wilson,-4.3818141671698525
Tommy Edman,-4.506749726513408
Nelson Velázquez,-4.5501000812731105
Gary Sánchez,-4.702665006210439
Blake Dunn,-4.7241397712437525
Ryan Ritter,-4.825541709803554
Ha-Seong Kim,-4.828949824530701
Joey Ortiz,-4.8341844737628765
Joey Loperfido,-4.849923033845352
Bryan De La Cruz,-4.881491630989249
Royce Lewis,-4.915365818917405
Dominic Keegan,-4.988550035585806
Xander Bogaerts,-4.998854512250924
Jared Young,-5.046519900509856
Ryan Noda,-5.123719427563582
Davis Schneider,-5.146608311282605
Dustin Harris,-5.16551918404487
Josh Smith,-5.174429079360541
Alejandro Kirk,-5.207244575813973
Austin Hays,-5.253031346010599
Juan Brito,-5.330258232295935
Addison Barger,-5.3341717560687645
Seth Brown,-5.351098667770883
Sam Hilliard,-5.391178841293431
Kyle Stowers,-5.392881188453103
Brian O'Keefe,-5.402249774276763
Will Benson,-5.415147516532858
Ronny Mauricio,-5.487997068685206
Braxton Fulford,-5.580100687048385
Alex Verdugo,-5.596933503467557
Paul McIntosh,-5.61103187573731
Spencer Jones,-5.620807786713658
Luis Campusano,-5.651452861808023
Juan Yepez,-5.680167547501695
Oswald Peraza,-5.733484340950944
Edgar Quero,-5.905100036598974
Thomas Saggese,-5.9332278932493425
Michael Arroyo,-5.9790034392638445
Nathan Hickey,-6.0016426618307275
Evan Carter,-6.047550485325663
TJ Friedl,-6.129599063390209
Wilfred Veras,-6.220619933063252
Tyler Locklear,-6.342664300659416
Ryan Bliss,-6.369784815047337
José Tena,-6.392491080236131
Brett Baty,-6.424513382979757
Owen Caissie,-6.45398360114739
Henry Bolte,-6.468206306034564
Grant McCray,-6.5155439577851135
Joey Bart,-6.5268583811375835
Bryce Eldridge,-6.552300539396405
Michael Massey,-6.559365747689715
Justyn-Henry Malloy,-6.564492397838392
Jose Siri,-6.636301092133981
Enrique Bradfield Jr.,-6.644920718490556
Patrick Bailey,-6.771125882642861
Sal Frelick,-6.780891681921021
Ruben Cardenas,-6.8224048262481185
Estevan Florial,-6.888873582086216
Jesse Winker,-6.89479574851033
Travis d'Arnaud,-6.899254372441305
Alejandro Osuna,-6.935366595227681
Andrew Navigato,-6.962966033872931
Trevor Larnach,-6.9698362672170395
Justin Crawford,-7.030036133755491
Nick Pratto,-7.084236038611309
Braiden Ward,-7.0920203868086755
Blake Mitchell,-7.093776131649413
Carlos Pérez,-7.105010642274641
Andre Lipcius,-7.1427330147860175
Pavin Smith,-7.177014455768086
Jeferson Quero,-7.20818768822355
Jeferson Morales,-7.352813194773558
Drew Romo,-7.377983540774462
Charles McAdoo,-7.422428459289929
C.J. Kayfus,-7.432340220310216
Jair Camargo,-7.540732848333722
John Rave,-7.637541320231756
Greg Jones,-7.640535184758114
Billy Cook,-7.653293906137847
Samad Taylor,-7.677775609850556
Rece Hinds,-7.681399203288258
Mike Yastrzemski,-7.690673863018528
Jesús Bastidas,-7.719612345235619
Tre' Morgan,-7.775782471516774
Max Kepler,-7.807301984663003
Jace Jung,-7.855190394039695
Curtis Mead,-7.855304168451182
Jonah Bride,-8.290501652325219
Xavier Isaac,-8.34795835773338
Trent Grisham,-8.383697185078939
Matt Vierling,-8.420472597558526
David Villar,-8.430326360342566
Luken Baker,-8.439075874039935
Niko Kavadas,-8.485399669007215
Jakob Marsee,-8.559067399714761
Carson McCusker,-8.568681419615235
Jerar Encarnacion,-8.58857205963549
J.D. Martinez,-8.659474535579228
David Hamilton,-8.690647139581577
Ji Hwan Bae,-8.694134613251835
Troy Johnston,-8.702315310003808
Kody Clemens,-8.755164049643229
Sean Bouchard,-8.808385913425308
Gavin Lux,-8.81806399278149
DaShawn Keirsey Jr.,-8.842986974069282
Matthew Etzel,-8.94850009848944
Cooper Bowman,-8.985388980248192
Chase Meidroth,-9.039433477336406
Chris Newell,-9.12043428818275
Dylan Moore,-9.156014613297502
Ramón Laureano,-9.174526057447688
Joey Meneses,-9.191966928917209
Lazaro Montes,-9.249958591301558
Akil Baddoo,-9.281353188546294
Brendan Rodgers,-9.308458246486396
Trey Sweeney,-9.33022734969654
Jorge Polanco,-9.33856686026865
José Caballero,-9.351991554318262
Kameron Misner,-9.353329026012224
Ryan Clifford,-9.378793307457403
Luis Rengifo,-9.430041285320394
Luisangel Acuña,-9.433413913561116
Yunior Severino,-9.531185441576364
Travis Blankenhorn,-9.54601008354133
Luke Adams,-9.611104969318486
Adael Amador,-9.744373074991795
Jose Miranda,-9.789266884378106
Gage Workman,-9.80489976801428
Jonathon Long,-9.816997236068405
J.P. Crawford,-9.824900212217203
Heriberto Hernandez,-9.866752463178708
Denzel Clarke,-9.95036723448916
Griffin Conine,-9.953867930027624
RJ Schreck,-9.96195362614678
Alek Thomas,-10.020437389557788
Luis Matos,-10.117982957683164
Emmanuel Rodriguez,-10.240384469826768
Anthony Alford,-10.301454217067713
Geraldo Perdomo,-10.338400423524076
Jason Martin,-10.347405305354195
Isaac Collins,-10.365896029716431
Tyler Gentry,-10.380692922696332
Vaughn Grissom,-10.443540938776971
Matt Gorski,-10.449642188760192
Xavier Edwards,-10.4824633712137
Orelvis Martinez,-10.555892292844998
Zach DeLoach,-10.569850522364211
Carlos Santana,-10.570521854298974
Justin Foscue,-10.592234367634918
Buddy Kennedy,-10.616471583077749
Dominic Canzone,-10.65980018856544
Jhostynxon Garcia,-10.734552059651758
Mickey Moniak,-10.861525730687172
Everson Pereira,-10.862958925919836
Oscar Gonzalez,-10.892001271235456
Dane Myers,-10.89591521961022
Nacho Alvarez Jr.,-10.941554990736709
Hao-Yu  Lee,-10.956837988364043
Jake Cave,-10.964784691799974
Matt Mervis,-11.202837484721517
Tyler Soderstrom,-11.22599014392867
Jason Vosler,-11.287792425575168
Caleb Durbin,-11.298401298457808
Corey Julks,-11.32426292620449
Jimmy Herron,-11.33208262926591
Jared Serna,-11.355051686543618
Steward Berroa,-11.365704368874502
Brayan Rocchio,-11.397675033467731
Sandro Fabian,-11.424061494360748
Drew Avans,-11.497999672796157
Alex Call,-11.51377969569114
Garrett Mitchell,-11.551059568912988
Tucker Flint,-11.5833585248125
Jordan Beck,-11.634600517465014
Chas McCormick,-11.638281171926115
Will Wagner,-11.658696866016188
Daz Cameron,-11.6593856698541
Hector Rodriguez,-11.671997043346751
José Abreu,-11.676838155929907
Justin Turner,-11.682585299763833
GJ Hill,-11.741676305067108
Derek Hill,-11.801596865618132
Nick Yorke,-11.825018330870469
Will Brennan,-11.841176006026648
Seth Stephenson,-11.8494309002866
Joey Gallo,-11.899740574761053
Zach Kokoska,-11.91160873402416
Will Simpson,-11.944954199854898
Wenceel Pérez,-12.009052806232484
Abimelec Ortiz,-12.0220424937987
Enmanuel Valdez,-12.09344916052335
Tim Elko,-12.190059583110882
Mark Coley II,-12.229812646497452
Brady House,-12.249194363355986
Starling Marte,-12.310614154933546
Jake Meyers,-12.31291930180874
Bobby Dalbec,-12.33759191076428
Tirso Ornelas,-12.352673573697722
Colby Shade,-12.434558232916464
Mike Antico,-12.461249639710877
Otto Kemp,-12.499980074814491
Quincy Hamilton,-12.520218694423646
Rowdy Tellez,-12.521637361800355
Jace Bohrofen,-12.526330223646683
Jonny DeLuca,-12.565983634422176
Nick Loftin,-12.58037273594881
Cole Young,-12.618676343679764
Daniel Johnson,-12.6241552523495
Patrick Wisdom,-12.65800731987684
Casey Schmitt,-12.66232184471852
Hunter Renfroe,-12.782827260492512
Cade Marlowe,-12.883175033024193
Eric Wagaman,-12.899227205666037
Johan Rojas,-12.93929110698485
Charles Leblanc,-12.94196276187312
Trenton Brooks,-12.98828695728658
Josh Lester,-12.99013995168061
Jake Fraley,-12.994669757236151
Mike Tauchman,-13.036004879497652
Otto Lopez,-13.046232236480314
Eddys Leonard,-13.07518783255662
Austin Shenton,-13.079270285387864
Jacob Young,-13.0853895503333
LaMonte Wade Jr.,-13.121974885794549
Jamie Westbrook,-13.1309765592849
Tommy Pham,-13.131065297365833
Jeff McNeil,-13.188219414288378
Liover Peguero,-13.212397005985688
Joshua Palacios,-13.21655677214534
Leo Jiménez,-13.24211634157586
Elijah Dunham,-13.252329195080485
Peyton Burdick,-13.260344096787104
Josh Jung,-13.317182617116377
Kyle Isbel,-13.347897473804284
Ezequiel Duran,-13.3912221158282
Ismael Munguia,-13.520987392932655
Ronny Simon,-13.565423485361183
Damiano Palmegiani,-13.6419503742935
Edwin Ríos,-13.647735771286422
Nate Eaton,-13.656008893843511
Sterlin Thompson,-13.69327762173882
Graham Pauley,-13.833023187186596
Jacob Melton,-13.848182386412894
Matt Koperniak,-13.934464853942002
Brett Wisely,-13.93772868845438
Travis Bazzana,-13.960121909381549
Oscar Colás,-13.99526166637612
Luis Urías,-14.019301377285853
Rikuu Nishida,-14.025981191502405
Brendon Davis,-14.044657987770892
Cal Mitchell,-14.068280108375204
Cal Stevenson,-14.087515104586728
Jake Bauers,-14.103320164154043
Victor Robles,-14.121434775776434
Cooper Hummel,-14.124012936439124
Mickey Gasper,-14.150147391967511
Richie Palacios,-14.1546293888642
Rafael Lantigua,-14.18243474430095
Andrew McCutchen,-14.2026066911266
Charlie Blackmon,-14.224907097676793
CJ Alexander,-14.255835846494431
Jordyn Adams,-14.290207114401996
Randal Grichuk,-14.32284832493485
Stuart Fairchild,-14.382817039429137
Luke Ritter,-14.396054011231758
Jacob Hurtubise,-14.509204496822743
George Valera,-14.526980306627472
Johnny Olmstead,-14.533701420213784
Dylan Beavers,-14.547112879550872
Jorbit Vivas,-14.561201591411708
Edwin Arroyo,-14.63606835913416
Kevin Alcántara,-14.64086808935155
Bligh Madris,-14.662666826463276
Bryan Torres,-14.66967329992689
Eddy Alvarez,-14.676959217557007
Jung Hoo Lee,-14.67726932439074
José Rodríguez,-14.703831743490968
Yanquiel Fernandez,-14.77357504256271
Armando Alvarez,-14.82683915117028
Coco Montes,-14.865599494301607
Devin Mann,-14.867918039786558
Ivan Johnson,-14.871470523481351
James Triantos,-14.87313591567227
Harrison Bader,-14.92483825668772
David Hensley,-14.948802454670057
Nick Sogard,-14.97661201527749
Oswaldo Cabrera,-15.018347642640729
Tyler Freeman,-15.051303452951846
Michael Helman,-15.111522681964498
Jordan Diaz,-15.153310442813911
Zach Dezenzo,-15.18288221628696
Brice Matthews,-15.19458233440422
Austin Gauthier,-15.21464937659884
Elier Hernandez,-15.225524957651526
Edward Olivares,-15.22708920288554
Nick Cimillo,-15.25007582284379
Zac Veen,-15.317371304731942
Ethan O'Donnell,-15.31759936676773
Kyle Karros,-15.328408922239284
Romy Gonzalez,-15.328413113121588
Eloy Jiménez,-15.359423558377166
Rob Refsnyder,-15.365818175778283
Nick Martini,-15.404684486401024
Arturo Disla,-15.418084275194598
Alex Mooney,-15.440592614296476
Gabriel Arias,-15.474419045629787
Robbie Tenerowicz,-15.476825255627844
Gavin Cross,-15.479340632246906
Eli White,-15.509784249692451
Tristan Peters,-15.591633124277465
Diego A. Castillo,-15.59229823404736
Termarr Johnson,-15.614925107920762
Wynton Bernard,-15.627253926873909
Noelvi Marte,-15.6431262024184
Jake Slaughter,-15.72894332244029
Lenyn Sosa,-15.735229367597256
Ernesto Martinez Jr.,-15.792366551535633
Dru Baker,-15.801869475943338
Carlos Jorge,-15.861404902047532
Brooks Baldwin,-15.86406337406634
Jay Allen II,-15.888909585450548
Josh Rojas,-15.895543676551974
Paul DeJong,-15.896324221750644
Mark Canha,-15.955174275225271
Javier Sanoja,-15.97649824556228
Nicholas Northcut,-15.98377661062066
Phillip Glasser,-15.999122038904805
Carlos D. Rodriguez,-16.056260022829676
T.J. Rumfield,-16.065993920759592
Alexander Canario,-16.074010899233162
Victor Scott II,-16.10893669077726
Peyton Wilson,-16.109918448555167
Colton Ledbetter,-16.14315669618537
Jake Mangum,-16.152231285809847
Brandon Lockridge,-16.220648420490324
Brennan Milone,-16.2294067146123
Forrest Wall,-16.25183198239342
Felix Stevens,-16.287273700024624
Jorge Mateo,-16.29410984164308
Andrew Pinckney,-16.310999162890635
Wade Meckler,-16.330427968640258
Mark Payton,-16.351951460949333
Ramón Urías,-16.362404649774277
Bryce Johnson,-16.37048005511792
Owen Miller,-16.374014499701293
Max Clark,-16.42358400504619
Tyrone Taylor,-16.442365653109178
Scott Kingery,-16.456984576072333
Orlando Arcia,-16.47698316516571
Amed Rosario,-16.489780508580758
Alex Kirilloff,-16.506003626714513
Jared Triolo,-16.54988614586485
Esteban Gonzalez,-16.56843453168806
Max Schuemann,-16.60153555251555
Anthony Rizzo,-16.60536601130519
Angel Martínez,-16.630977976011188
Grant Lavigne,-16.695273714621415
Andy Garriola,-16.71271386762741
Daylen Lile,-16.755066362408396
Cam Devanney,-16.840017138675876
Miguel Andujar,-16.86693765366993
Robert Perez Jr.,-16.87694414298158
Abraham Toro,-16.881481447457556
Davis Wendzel,-16.967151889648452
Max Acosta,-16.994533218429464
Carlos Mendoza,-17.028850227013617
Whit Merrifield,-17.03910512928163
Tim Tawa,-17.185819829139295
Damon Keith,-17.18899650096897
Homer Bush Jr.,-17.196203001756775
Mikey Romero,-17.222889462576646
Ke'Bryan Hayes,-17.226716794995784
Isiah Gilliam,-17.250588601771554
Chris Meyers,-17.253283199999494
Jake Holton,-17.258499921133605
Anthony Prato,-17.27601294888112
Tsung-Che Cheng,-17.276760860043687
Levi Jordan,-17.36859014290138
Nathan Lukes,-17.401758435990423
Blake Perkins,-17.414802776560983
Drew Ellis,-17.42140576479385
J.C. Escarra,-17.472436924563056
Nathan Martorella,-17.48280916781679
Hogan Windish,-17.516479627085072
Matt Kroon,-17.530017727634856
Allan Castro,-17.54081795653749
Jorge Barrosa,-17.558036029158394
Cam Collier,-17.583540766644255
Ryan Vilade,-17.58462017237906
DJ Gladney,-17.61168643032126
Bubba Thompson,-17.61318407720286
J.P. Martínez,-17.624312350775092
Kala'i Rosario,-17.62460759820128
Chris Taylor,-17.635445552855167
Ryan Galanie,-17.649903894787766
Jon Singleton,-17.65694194568593
Mitch Haniger,-17.701428016758047
Cameron Cauley,-17.73115545865633
Yoán Moncada,-17.736109496047423
Austin Martin,-17.751827356249482
Michael Chavis,-17.757097136654224
Tristan Gray,-17.771431523322267
Ben Malgeri,-17.904211882555508
Grant Richardson,-17.910365528896453
Ernie Clement,-17.91160850347346
Matthew Lugo,-17.953270095473226
César Prieto,-18.07527108568023
Rodolfo Castro,-18.07786217656627
Daniel Vogelbach,-18.15534474093582
Connor Joe,-18.1973158484169
Trevor Story,-18.20022325270662
Nick Morabito,-18.223177118259567
Bryan Ramos,-18.230862632494823
Javier Báez,-18.244844724329553
Cody Milligan,-18.247336326537383
Jase Bowen,-18.247918330042904
Nick Maton,-18.291676679297833
Aidan Miller,-18.29490184716363
Moisés Gómez,-18.305972963390005
Yuli Gurriel,-18.31900625656267
Gabriel Rincones Jr.,-18.329920237500303
Darick Hall,-18.34587995360747
Dylan Carlson,-18.38269750847706
Nick Kurtz,-18.418398249268687
Kahlil Watson,-18.43002773582046
Jordan Lawlar,-18.44403733501398
Rylan Bannon,-18.501502923767195
Tyler Nevin,-18.577752645829776
Alejo Lopez,-18.60224094206104
R.J. Yeager,-18.609247012135302
Riley Tirotta,-18.62649055086927
Javier Vaz,-18.66854349616035
Mason Martin,-18.66906641660907
Jacob Wilson,-18.67917914553487
Max Muncy,-18.7063275879556
Nick Gordon,-18.737334139875784
Tyler Tolbert,-18.744088278109373
Jared Oliva,-18.75277717400743
Emmanuel Rivera,-18.753591563352327
Wilmer Flores,-18.75747691004773
Romeo Sanabria,-18.760560587460574
Jake Alu,-18.789053430744698
Ben Williamson,-18.815605690692543
Will Robertson,-18.821030911531658
Trayce Thompson,-18.858740893047106
Kyle Farmer,-18.870948648337468
Michael Stefanic,-18.914623272844267
Sal Stewart,-18.93040366150918
Daniel Schneemann,-19.01557213359996
Brett Harris,-19.02450803527523
Andruw Monasterio,-19.05001402668407
Brock Rodden,-19.073375423720588
Yohel Pozo,-19.094268129640945
Nick Allen,-19.102231706623726
Brooks Lee,-19.109355034989623
Manuel Margot,-19.1243460445298
Jud Fabian,-19.135687882196414
Mike Ford,-19.150345488883943
Ivan Melendez,-19.16126626446246
Victor Labrada,-19.17078154138467
Sabin Ceballos,-19.224600962281983
Ben Gamel,-19.23099226215768
Cam Eden,-19.240460612490352
Aron Estrada,-19.24426019781637
Tony Kemp,-19.323969136780057
Jose Rojas,-19.396331008491888
Mac Horvath,-19.397653103253383
Joey Wiemer,-19.40516392563344
Luke Williams,-19.424136146393245
Marcos Castañon,-19.45300364710308
Eddie Rosario,-19.46554525905037
Jahmai Jones,-19.50221128153348
Colson Montgomery,-19.50786801534592
Dasan Brown,-19.515087483640603
Tavian Josenberger,-19.551058321885822
Victor Mesa Jr.,-19.56009190590743
Walker Jenkins,-19.563982400805788
Dillan Shrum,-19.609061744712623
Nick Solak,-19.609736624706414
Jack Brannigan,-19.65725845481035
Tristin English,-19.66146485780528
Matt Lloyd,-19.712539904893006
Pablo Reyes,-19.759154374251622
Mauricio Dubón,-19.77708038357
Vinny Capra,-19.79753922617134
Darell Hernaiz,-19.8007194470578
Luis Baez,-19.814700936256845
Kyle Garlick,-19.827952076775684
Angel Genao,-19.831300832336595
Brandon Drury,-19.853896734638045
Jack Pineda,-19.863277276089057
Stone Garrett,-19.881994164269152
Spencer Nivens,-19.895509725055593
Alex Binelas,-19.937622285534985
Luke Gold,-19.939606942510128
Aaron Schunk,-19.969651617488164
Caleb Ketchup,-20.148557963023705
Marco Luciano,-20.193460354492675
Marcelo Mayer,-20.300551792299537
Seth Beer,-20.31540359157952
Zach McKinstry,-20.458742677130367
Andrew Velazquez,-20.569634003111677
Sebastian Walcott,-20.60184389777889
Tarik Skubal,47.78636833959265
Emmanuel Clase,31.03689802387788
Chris Sale,29.730595202191203
Corbin Burnes,29.37875081525684
Josh Hader,29.13785624770474
Garrett Crochet,28.64964985355947
Spencer Strider,28.34074530509655
Yoshinobu Yamamoto,28.190234600060737
Edwin Díaz,27.854549587026987
Jhoan Duran,27.137635033476695
Zack Wheeler,26.650216742020593
Mason Miller,26.473187710284517
Andrés Muñoz,25.695498564344593
Logan Gilbert,25.664018466256596
Ryan Helsley,25.400608084290266
Paul Skenes,24.28340197218308
Roki Sasaki,24.196068124206533
Félix Bautista,24.170183886123706
Tyler Glasnow,22.57577688528485
Ryan Walker,22.217415652563
Dylan Cease,22.06316752138257
Jeff Hoffman,21.905461982308633
George Kirby,21.5492928463882
Tanner Scott,21.486251200603263
Raisel Iglesias,21.36711231765781
Devin Williams,21.078676598076992
Michael King,19.04539112725815
Hunter Greene,18.46512409793444
Blake Snell,18.429589117153103
A.J. Puk,16.820274895068653
Sonny Gray,16.330093147071743
Griffin Jax,15.962643036663296
Shane McClanahan,15.681867674914736
Luis Castillo,15.49881774408774
Cade Smith,14.669421539010685
Logan Webb,14.26480531856146
Matt Strahm,13.7089671029555
Framber Valdez,13.212155593530378
Reynaldo López,12.827111305538638
Nestor Cortes,12.78448138812635
Joe Ryan,12.721553969693574
Tanner Bibee,12.14228458334861
Shota Imanaga,11.8954365824873
Bryan Abreu,11.857772461027723
Justin Martinez,11.815393214862429
Orion Kerkering,11.507270646746294
Jacob deGrom,11.387421221292636
Gerrit Cole,11.298069040473054
Drew Rasmussen,11.140448858999893
Zac Gallen,10.997907060498845
Pablo López,10.804106546407125
Freddy Peralta,10.79270462286638
Max Fried,10.520790486018884
Jeremiah Estrada,10.441097981525388
Jason Adam,10.23955118127571
Spencer Schwellenbach,10.205883351102704
David Bednar,9.990181996905651
Aroldis Chapman,9.905768339637648
Kyle Bradish,9.847355362837542
Cole Ragans,9.845824884275556
Bryan Woo,9.40122394779944
Blake Treinen,8.706733000336895
Max Scherzer,8.549722125098155
Trevor Megill,8.548935899169376
Alexis Díaz,8.477023352583045
Tyler Holton,8.463475874562665
Alex Vesia,8.45346399386417
Pete Fairbanks,8.418695596442003
Bryce Miller,8.283150966973079
Gregory Santos,8.05997716684962
Ryan Pressly,8.03837161487122
Jordan Romano,7.989508853030475
Aaron Nola,7.983944876050927
Justin Steele,7.889601627100604
Robert Suarez,7.875331671801366
Fernando Cruz,7.807975516001102
Brandon Woodruff,7.702048836722313
Evan Phillips,7.661835770545033
Dylan Lee,7.5983450521503535
Kevin Ginkel,7.5222979694858765
Carlos Estévez,7.357871444497193
Bailey Ober,7.100421020787965
Chris Martin,7.052952300556037
Robert Garcia,6.902757572136933
Camilo Doval,6.845009930901789
Matt Brash,6.611745884778281
Jack Flaherty,6.551918898639525
Joe Jiménez,6.434559722623986
Kenley Jansen,6.18788664447455
Kirby Yates,6.145918732063879
A.J. Minter,6.110389324509325
Shohei Ohtani,5.919564929712718
Kodai Senga,5.549833799312745
Carlos Rodón,5.520825109841133
Keegan Akin,5.462633731814206
Aaron Bummer,5.410245348889197
Sandy Alcantara,5.271048175131406
Brandon Pfaadt,5.043906152581877
Grayson Rodriguez,4.629231479823954
Joe Musgrove,4.450618097674213
Kevin Gausman,4.103852971074014
Sam Hentges,4.00099590275504
Liam Hendriks,4.000728409544947
Kevin Kelly,3.4378659981900213
Bryan Hudson,3.2217512358195157
Cole Sands,3.113923610877159
Joel Payamps,3.0961494356148846
Lucas Erceg,2.879575929346591
Jonathan Loáisiga,2.824313563769405
José Alvarado,2.7487998129206423
Brusdar Graterol,2.488201803483941
José Buttó,2.257896927688992
Edwin Uceta,2.2109965557163305
Hunter Brown,1.8080190320955465
Paul Sewald,1.776830388143831
Bowden Francis,1.733535080884372
Yennier Cano,1.6923728197655408
Garrett Whitlock,1.580020726081069
Ben Joyce,1.378347644319727
Robert Stephenson,1.3709753189695415
Ryan Pepiot,1.235589316985469
David Robertson,1.2004916394248295
Chad Green,1.1903434395300745
Clayton Kershaw,1.1194820028379184
Jason Foley,1.1141481987321176
Jeffrey Springs,1.0926027685129986
Pierce Johnson,1.0670879880371251
Matthew Boyd,1.064097277523156
Tim Herrin,1.0478906618312436
Gregory Soto,1.0102580159181564
Ryan Burr,1.0
Luis Garcia,1.0
Ian Hamilton,0.6340059981677557
Scott Barlow,0.6117356560338355
JoJo Romero,0.610291201621583
Dedniel Núñez,0.596354629992379
Reed Garrett,0.5028435370402236
Nick Martinez,0.4112142688359266
Eury Pérez,0.3730644779200534
Yimi García,0.3617367315512388
Richard Lovelady,0.3570341952034236
Hunter Harvey,0.2484295014876666
Ben Brown,0.2332846871035963
Andrew Nardi,0.1783303108433221
Jared Jones,0.1044753671912961
Kyle Finnegan,0.0309411731313277
Craig Yoho,-0.0137015640360185
Will Vest,-0.0546913927706258
Seranthony Domínguez,-0.0912864507447366
Nic Enright,-0.1100086082346265
Zach Eflin,-0.2247122929600278
Andrew Kittredge,-0.2300940770107544
Danny Coulombe,-0.2841507403219996
Anthony Bender,-0.4061648025151645
Yu Darvish,-0.5035372933405191
Shane Bieber,-0.5287275592322691
Craig Kimbrel,-0.541748195325914
Robbie Ray,-0.6131237572246573
Caleb Ferguson,-0.6505098681857966
K.C. Hunt,-0.719313584020876
Erik Sabrowski,-0.7450804096324204
Garrett Cleavinger,-0.7499439478851038
Ryan Thompson,-0.7954243689223448
Kyle Amendt,-0.8769425741996271
Dustin May,-1.0959175946798705
Josh Sborz,-1.123053322535717
Nick Pivetta,-1.18820606146706
Lance McCullers Jr.,-1.2029624719415586
Ranger Suárez,-1.2333196300450775
Eduard Bazardo,-1.336922295214111
Nick Sandlin,-1.369355479232769
Adrian Morejon,-1.4455529521322266
Ryan Brasier,-1.472778772392958
Trent Thornton,-1.5058172617451326
Yuki Matsui,-1.5389889076497694
Clarke Schmidt,-1.6071543670666395
Luke Little,-1.6283316153523146
Joe Mantiply,-1.6534882177742911
Tayler Scott,-1.685783438208592
Daysbel Hernández,-1.7063335660158168
Porter Hodge,-1.912358712480374
Luke Weaver,-1.9300929778592928
Jake Cousins,-1.9972831634112496
Erik Miller,-2.037365428343546
Caleb Thielbar,-2.090471145220564
José Leclerc,-2.1141545737184786
Gabe Speier,-2.1148599154368655
Kumar Rocker,-2.1534866363734486
Mark Leiter Jr.,-2.1873150513707222
Michael Kopech,-2.19132417341957
Scott Effross,-2.2078805312002707
Tyson Miller,-2.213429169975681
Nick Mears,-2.2679818730295915
Calvin Faucher,-2.4037551456822808
Gavin Williams,-2.415742540457221
Trevor Stephan,-2.4724428259714255
Héctor Neris,-2.5421939986235405
Phil Bickford,-2.554619251484654
Tanner Houck,-2.646458929040397
Franco Aleman,-2.694899308473573
Manuel Rodríguez,-2.74152246323495
Chase Lee,-2.7578579291913146
Nate Lavender,-2.7659761724397325
Taj Bradley,-2.7733745838974433
Tyler Rogers,-2.8570637100881684
Alex Lange,-2.9967769695531157
Eduardo Rodriguez,-3.04098596850774
Dylan Floro,-3.06096898318384
Grant Holmes,-3.270469750909804
Ryan Fernandez,-3.2943962735827537
Eli Morgan,-3.3297335074722545
Brock Burke,-3.3690068705998124
Ryne Stanek,-3.392171561549347
Abner Uribe,-3.4062593568702244
Elvis Peguero,-3.546359797644735
Colin Holderman,-3.548602292588578
Kendall Graveman,-3.5822883966326877
Julian Merryweather,-3.612876293464442
Andrew Walters,-3.662038524317461
Logan Henderson,-4.0441589059558245
Hagen Danner,-4.117628816797192
Tanner Banks,-4.133648610924998
Adam Ottavino,-4.157317742768059
Dennis Santana,-4.176820460565165
Michel Otañez,-4.242685832450872
Ray Kerr,-4.255408746511583
J.B. Bukauskas,-4.314201352669198
Robert Gasser,-4.380570441232379
Jorge Alcala,-4.502770021537108
Daniel Hudson,-4.509768937680515
Kyle Nelson,-4.524986926148615
Luis Gil,-4.541491701890879
Justin Slaten,-4.56788845110861
Steven Okert,-4.574553138431368
John Schreiber,-4.618765662622448
Hunter Gaddis,-4.626427357053662
Jesus Tinoco,-4.641044344314391
Oliver Ortega,-4.736898867573883
Hans Crouse,-4.738476462909774
José Quijada,-4.757776592504062
Cody Bradford,-4.768547421516211
Anthony Gose,-4.839324168101035
Erik Swanson,-4.896747091766935
Tommy Kahnle,-4.961931576677303
Jack Dreyer,-5.016770981265498
Keynan Middleton,-5.026058667459852
Adbert Alzolay,-5.055006351310701
Shelby Miller,-5.126291950175376
Jacob Webb,-5.132549726401882
Jared Koenig,-5.165211477023131
Zebby Matthews,-5.23248537343304
Rob Zastryzny,-5.286587482433846
Dauri Moreta,-5.290421638862814
Enyel De Los Santos,-5.347379001821396
Reid Detmers,-5.356293429337436
Keegan Thompson,-5.453482462044997
Packy Naughton,-5.476925680037577
Hoby Milner,-5.513600507881067
Andrew Saalfrank,-5.547408905740292
Yusei Kikuchi,-5.567619847482125
Bryan Baker,-5.6018142253126975
Clay Holmes,-5.640693298110108
Justin Topa,-5.709420154426571
Yency Almonte,-5.709948426902144
Danny Young,-5.771147752920811
Miguel Castro,-5.828313850777912
Beau Brieske,-5.9025510838942274
Cody Poteet,-5.921485251029685
Yariel Rodríguez,-5.949830797636434
John Brebbia,-5.950917664147979
Ronel Blanco,-5.9749543690462055
Jack Neely,-6.029218312744061
Nick Hernandez,-6.108516368088797
Vinny Nittoli,-6.129735614316051
Nathan Eovaldi,-6.198300317411641
Magnus Ellerts,-6.245344336744089
Brooks Raley,-6.299201928322728
Nate Pearson,-6.303793050915149
Hayden Harris,-6.310959081468873
Zack Littell,-6.3435560932901405
James Karinchak,-6.3746130890725095
Josh Walker,-6.390222808801856
Andrew Misiaszek,-6.405305388546326
Phil Maton,-6.424282501121027
Luke Jackson,-6.435158900329068
Tayler Saucedo,-6.485897177882825
Forrest Whitley,-6.494480981838552
Jackson Stephens,-6.5561139112422495
Emilio Pagán,-6.567504891943502
Andrew Chafin,-6.570024677351309
Anthony Maldonado,-6.5917596942500385
Josh Winder,-6.6448829007796695
Trevor Gott,-6.654368204194726
Michael Kelly,-6.665336685490728
Ron Marinaccio,-6.684012729443368
Reese Olson,-6.691734283738481
Michael Grove,-6.764892924457568
Sam Moll,-6.775646577886342
Jesús Luzardo,-6.782724087750424
Drew Smith,-6.808786266468694
Seth Lugo,-6.8123078943363575
Derek Law,-6.818336219310576
Brennan Bernardino,-6.847356116970131
Braxton Garrett,-6.851364931921443
Miguel Díaz,-6.8582900186187805
MacKenzie Gore,-6.868836611601982
Kris Bubic,-6.899127135826677
David Festa,-6.904213028305829
Scott Alexander,-6.938624982146488
Trevor Richards,-6.959748415207659
Eric Orze,-6.97234460768047
Troy Taylor,-6.9889801179149815
Colin Poche,-7.003533222307572
Mason Fluharty,-7.10313528441737
Greg Weissert,-7.120602793137699
Tony Santillan,-7.179608633561903
Luis Contreras,-7.2151467174358626
Drey Jameson,-7.224739674907024
Michael Tonkin,-7.238003809582466
Emmet Sheehan,-7.314308131951194
Anders Tolhurst,-7.382292304069303
Giovanny Gallegos,-7.395747172636959
John Means,-7.446903549076719
Austin Voth,-7.449326025072397
Matt Festa,-7.458872907765022
Hunter Bigge,-7.461363371873643
Paul Gervase,-7.527401805181958
Gavin Hollowell,-7.549541055146026
Taylor Rogers,-7.558477605897908
Tobias Myers,-7.610394153811152
JT Chargois,-7.661116549412496
Penn Murfee,-7.774273930521304
Daniel Palencia,-7.793723143016594
Christian Scott,-7.806269342097689
Zach Franklin,-7.828158684644595
Nick Lodolo,-7.843988783959075
Sean Guenther,-7.857615255838434
Zack Weiss,-7.899910095852165
Alex Faedo,-7.925373227859435
Cody Morris,-7.938014385646294
Josh Staumont,-7.947561268338919
Ethan Roberts,-7.954649895880806
Marc Church,-7.960444789430916
Huascar Brazobán,-7.989965275269325
Tommy Nance,-7.993219494746649
José Soriano,-8.00000992762714
Carmen Mlodzinski,-8.012490043188594
Cristopher Sánchez,-8.02907814770805
Nick Anderson,-8.043161807973828
Tyler Mahle,-8.048955876101033
Cristian Javier,-8.052296717155164
Ben Heller,-8.062411821727197
Wandy Peralta,-8.069935255530408
Spencer Arrighetti,-8.087270575246613
Hunter Stratton,-8.08785720728025
Alek Manoah,-8.113076521470482
Sawyer Gipson-Long,-8.137211214020851
Luis García,-8.164740082474326
John King,-8.175311623181422
Collin Snider,-8.18479543692132
Tyler Kinley,-8.191307478916938
José Berríos,-8.223486078757134
Alek Jacob,-8.22494054723244
Ben Shields,-8.281417886980073
Kyle Hurt,-8.286935205572227
Brooks Wilson,-8.297255761803642
Andrew Wantz,-8.301097210709043
Nick Robertson,-8.303979406078904
Austin Adams,-8.306500372997911
Ricky Tiedemann,-8.318249314121465
Walker Buehler,-8.319385887195464
Amir Garrett,-8.342987817657436
Sean Manaea,-8.353555753104205
Daniel Robert,-8.41353495463613
Brant Hurter,-8.427320765416708
Trevor Brigden,-8.452104805137568
Ryan Bourassa,-8.507085297387
Tyler Wells,-8.521142554834354
Kaleb Ort,-8.52868540883329
Cameron Cotter,-8.559306501186105
James McArthur,-8.612916108067521
Eric Reyzelman,-8.62289918114777
Lucas Wepf,-8.653509155822784
Dean Kremer,-8.65916564074029
Justin Sterner,-8.668227003936227
Camden Minacci,-8.675152342269154
Kody Funderburk,-8.68449049006327
Jose A. Ferrer,-8.68532200303069
Seth Halvorsen,-8.712494561112877
Bryan King,-8.728637909740335
Luis F. Ortiz,-8.78967978451459
Matt Cronin,-8.792170248623211
Kutter Crawford,-8.796572056772176
Mason Thompson,-8.82702973047033
Tony Gonsolin,-8.850663079789738
Merrill Kelly,-8.888089193344493
Brandon Eisert,-8.893822507617035
Tom Cosgrove,-8.944925768437415
Brooks Kriske,-8.98889878122773
Cionel Pérez,-9.016604804710823
Lucas Luetge,-9.033107528546768
Seth Martinez,-9.06309357509248
Colin Selby,-9.097426168590315
Connor Cooke,-9.099219791301149
Josh Simpson,-9.106009972546042
Jeff Brigham,-9.106973051282942
AJ Smith-Shawver,-9.11856346747215
Drew Rom,-9.14254216329
Quinn Mathews,-9.185327035439446
Gavin Stone,-9.26962856434128
Landen Roupp,-9.360487445614512
Joey Cantillo,-9.38032826236172
Easton McGee,-9.445629307473984
Zach Agnos,-9.455640299730607
Zach Jackson,-9.46605113823134
Shane Baz,-9.519930108048118
Ryan Hennen,-9.528386746997365
Max Lazar,-9.535731948712456
Austin Pope,-9.552827181689734
Pedro Avila,-9.558151302288405
Kyle Backhus,-9.561950375798837
John McMillon,-9.572648291283164
Kyle Harrison,-9.598884271406298
Matt Gage,-9.619478834597489
Shawn Dubin,-9.623480357072363
Tyler Ferguson,-9.63390811952089
Blake Weiman,-9.654171202034284
Mitch Keller,-9.705695119834656
Cole Sulser,-9.729458323373832
Thyago Vieira,-9.732744751809037
Zack Kelly,-9.741045739784598
Clayton Beeter,-9.770125578028548
Tyler Matzek,-9.780861485003095
Cade Horton,-9.819082644180238
Michael Fulmer,-9.819628952725242
Edgardo Henriquez,-9.831049254725688
Trey Wingenter,-9.844308876762108
Spencer Turnbull,-9.863759413391382
Nick Jones,-9.923315778286288
Braxton Ashcraft,-9.952920134190052
Shawn Armstrong,-9.962902801963985
Jesse Chavez,-10.004829025871503
Austin Warren,-10.01166082760458
Alex Speas,-10.02686890127119
J.P. Feyereisen,-10.032930283796013
Kevin Herget,-10.0545303952423
Peyton Alford,-10.06881701066019
Ryan Lobus,-10.076978545481143
Patrick Sandoval,-10.10417596831998
Rico Garcia,-10.107584730017926
Sean Boyle,-10.120758107930929
Michael Flynn,-10.12651138099286
Antonio Santos,-10.176573346809048
Randy Rodríguez,-10.185221949050392
Declan Cronin,-10.191697079003465
Carlo Reyes,-10.199681516843144
Raymond Burgos,-10.207569933912978
Dillon Tate,-10.20912286440302
Fraser Ellard,-10.212789576118528
Tristan Beck,-10.213648020896644
Taylor Rashi,-10.221782971520398
Lucas Sims,-10.238899797806797
Jorge López,-10.327038464362092
Cameron Weston,-10.344396699691965
Brendan McKay,-10.358208087868048
Zach Brzykcy,-10.422096378857102
Michael Petersen,-10.422561939564416
Ryan Och,-10.440818120134892
Francis Pena,-10.471932905315937
Sauryn Lao,-10.493606846208287
DL Hall,-10.503458839037451
Luis Guerrero,-10.52491366228109
Oddanier Mosqueda,-10.53717562593326
Brent Headrick,-10.540942613387127
Lou Trivino,-10.61158028718722
Emmanuel Ramirez,-10.615549852339813
Connor Brogdon,-10.61720831796261
Ricardo Velez,-10.712645568388568
Hayden Wesneski,-10.719974062728326
Jake Diekman,-10.727095724651
Brady Basso,-10.74946259124444
Chris Paddack,-10.768829257808369
Cody Bolton,-10.776101958771491
Matthew Liberatore,-10.82508124332896
Cam Booser,-10.828956970178924
Chase Costello,-10.908720586230976
Tyler Duffey,-10.9157171316849
Brenan Hanifee,-10.987013022804453
Humberto Castellanos,-11.005028259518555
Jordan Leasure,-11.013366586660004
Francisco Pérez,-11.022151247163364
Landon Knack,-11.030662892757377
Grant Anderson,-11.038910796808109
Joe Barlow,-11.057383004753532
José Urquidy,-11.086280478640225
Logan Gillaspie,-11.093163944849367
Cade Cavalli,-11.118402460005711
Domingo Gonzalez,-11.136430453075985
Grant Holman,-11.140182442218492
Mason Englert,-11.169730337677022
Zach Maxwell,-11.18995034855892
Keaton Winn,-11.202369760086924
Luis L. Ortiz,-11.21953970615133
Chase Cohen,-11.268335692643271
Chris Bassitt,-11.27821244385891
Enoli Paredes,-11.28592461844878
Zac Leigh,-11.291761384122674
Nolan Clenney,-11.33642457447122
Slade Cecconi,-11.365609376977096
Brandon Young,-11.40449795180014
Brandon Hughes,-11.44255616681574
Evan Reifert,-11.452343993364744
Jake Higginbotham,-11.472253430230364
Dominic Leone,-11.476071956342505
Chris Devenski,-11.490248959790677
Logan VanWey,-11.49275913105308
Dany Jiménez,-11.502212477145864
José Ruiz,-11.502469302954662
Ben Bowden,-11.511926725884402
Adam Kolarek,-11.528364367262611
Justin Yeager,-11.562125613284788
Anthony Banda,-11.56609517843738
Zak Kent,-11.574911462591302
Riley O'Brien,-11.588433500134052
Francisco Morales,-11.621740303126725
Evan Sisk,-11.636550233328125
Brendon Little,-11.695468333407868
Trey McLoughlin,-11.704289004383012
Nolan Hoffman,-11.707927914280749
Devin Sweet,-11.722428028871756
Jesse Hahn,-11.724471342427298
Travis Kuhn,-11.76108282649706
Huascar Ynoa,-11.78794510181106
Ian Gibaut,-11.789049178969124
Shintaro Fujinami,-11.79321781585432
Seth Elledge,-11.799559140398651
Will Smith,-11.803932686980986
Davis Daniel,-11.846401021331827
Trevin Michael,-11.866095343372152
Peter Strzelecki,-11.877394228287418
RJ Petit,-11.908210567171476
Tyler Jay,-11.909341011954286
Jordan Wicks,-11.911073307023148
Glenn Otto,-11.915148407308502
Thomas Pannone,-11.932496550397875
Luarbert Arias,-11.997344288339924
Sam Long,-11.998805136742003
Jimmy Herget,-12.014220742430812
Luis Frías,-12.03873500656925
Tim Mayza,-12.048125892529358
Nick Mikolajchak,-12.061747875507336
Braxton Roxby,-12.078507425152075
Zach Penrod,-12.080384669661264
Yerry De Los Santos,-12.089441326800724
Jack Perkins,-12.102385920982616
Ryan Loutos,-12.115916328060315
Riley Pint,-12.125724994253805
Anthony Misiewicz,-12.126158597638836
Hayden Juenger,-12.16449025242675
Carlos Hernández,-12.188083058316469
Riley Martin,-12.189607443909743
Keagan Gillies,-12.20420242042612
Jack Dashwood,-12.204291880189007
Angel Zerpa,-12.2245033340009
Ryne Nelson,-12.25289413287976
Bobby Miller,-12.25986222419157
Yohan Ramírez,-12.267285080554098
Michael Wacha,-12.290836552913696
Davis Sharpe,-12.30473560395052
Grant Wolfram,-12.307847625498972
Blake Holub,-12.31739450819159
Ethan Small,-12.336967790600148
Jack Leftwich,-12.350428410005597
Mat Olsen,-12.382644269649765
T.J. McFarland,-12.383276944767392
Jordan Balazovic,-12.402437624575663
Carlos Vargas,-12.414125492609315
Jameson Taillon,-12.41469901735701
Louis Varland,-12.435576173820296
José Marte,-12.436164165132697
Layne Henderson,-12.467975791711524
Chase Silseth,-12.468382772919732
Brian Moran,-12.469602300012037
Roansy Contreras,-12.478849659349168
Blake Whitney,-12.49583635741524
Christian Montes De Oca,-12.495971514503282
Grant Hartwig,-12.521222786015798
Walter Pennington,-12.523398476821963
Jakob Junis,-12.549968143803518
Elvis Alvarado,-12.55485999262774
Kade Strowd,-12.56211573457994
Edward Cabrera,-12.584869878596388
Anderson Pilar,-12.609567835334095
Burch Smith,-12.64821126364601
Jon Gray,-12.688729656532288
Dylan Coleman,-12.694433796688552
Zach Pop,-12.705168374969007
Nick Ramirez,-12.720883881466705
Gus Varland,-12.721988411785656
Parker Mushinski,-12.73880583321654
Nate Dahle,-12.742848724544018
Ryan Anderson,-12.76130981481164
Andrew Politi,-12.76561360878487
Raul Brito,-12.770484673396805
Dale Stanavich,-12.797290078275664
Kolton Ingram,-12.801002817619455
Jhony Brito,-12.815565962631352
Jacob Waguespack,-12.82700259163725
Justin Bruihl,-12.831193773862315
Daniel Duarte,-12.844815756840289
Landon Harper,-12.861939283078756
Justin Anderson,-12.91349416011824
Luke Westphal,-12.925209045315032
Nolan Blackwood,-12.930580882287089
Mason Montgomery,-12.96512647076629
Rob Kaminsky,-13.013422191875824
Nick Avila,-13.026639941788464
Zach Peek,-13.033693357677532
Kyle Cody,-13.03651722810036
Bryce Bonnin,-13.037212614986252
Zane Morehouse,-13.038766748352591
Jimmy Joyce,-13.058508438802432
Drew Smyly,-13.088579400777451
Michael Rucker,-13.095797689121657
Luis Patiño,-13.108283637619296
Rafael Montero,-13.110806691055656
Bradley Hanner,-13.140827065613124
Steven Cruz,-13.145200863831056
Cole McDonald,-13.155742782582866
Buck Farmer,-13.158414788542329
Logan Rinehart,-13.16429462921631
Aaron Civale,-13.167983049473094
Lane Ramsey,-13.169830326268157
Génesis Cabrera,-13.19894537616492
Jeff Belge,-13.21648646269573
Jacob Bosiokovic,-13.25442338644394
Tyler Zuber,-13.268343815718907
Jaden Woods,-13.280201797941343
Duane Underwood Jr.,-13.300123484975456
Tyler Schoff,-13.308209770901586
Gerardo Reyes,-13.31954061313914
Carson Skipper,-13.32042986242998
Colby White,-13.329087495831768
Steven Matz,-13.360775334635958
Tanner Myatt,-13.361396640440187
Collin Baumgartner,-13.361655836938462
Kirby Snead,-13.37604328143263
Michael Knorr,-13.37626726627809
Cody Laweryson,-13.383131908974514
Anderson Bido,-13.402058559949444
Mitchell Stumpo,-13.41693622999677
Amos Willingham,-13.427496653026072
Matt Moore,-13.429652636678451
Joel Kuhnel,-13.451927043730564
Adam Cimber,-13.488942760865658
Rolddy Munoz,-13.494106433810035
Mike Baumann,-13.498573516992224
Hunter Parsons,-13.512567524077664
Jaime Barria,-13.536399064274567
Nick Vespi,-13.550142338519915
Chris Gau,-13.583914702219904
Chayce McDermott,-13.586561540514424
Kyle Bischoff,-13.592619923260797
Deivi García,-13.59612367607049
Reid Morgan,-13.605090873447066
Max Kranick,-13.609814530802463
Nicholas Padilla,-13.612876090751149
Luke Murphy,-13.614926539270778
Peter Van Loon,-13.615783199233867
Walker Powell,-13.729332312795457
Jose Cuas,-13.72994420706937
Wilmer Flores,-13.751705591592856
Braydon Fisher,-13.751878547336304
Nash Walters,-13.773593857081249
Jordan Hicks,-13.796690851088876
Austin Davis,-13.819784432801514
Joshua Cornielly,-13.84993613924565
Tristan Garnett,-13.853389682091173
Ryan Zeferjahn,-13.85493687250078
Will Klein,-13.885159688181812
Chris Roycroft,-13.905238987600612
Brayan Bello,-13.918507576566412
Tyler Owens,-13.929864499018548
Angel Chivilli,-13.930816460077642
Reiver Sanmartin,-13.94166090196341
Bailey Horn,-13.972676564215652
Matt Pushard,-13.998858957142792
Tink Hence,-14.000655705449867
Stephen Kolek,-14.013132245333669
Will Warren,-14.019783318471363
Anthony Hoopii-Tuionetoa,-14.025073307392212
Woo-Suk Go,-14.033750647947782
Connor Thomas,-14.033893097512264
Lucas Giolito,-14.03853701707144
Alejandro Torres,-14.051214079831157
Victor González,-14.06510637698521
Elieser Hernández,-14.0681237848753
Daniel Bard,-14.07000939891942
Nick Merkel,-14.12072705676974
Skylar Hales,-14.13034502076557
Osvaldo Bido,-14.135550565833736
Alex Young,-14.235194248431709
Andrew Bellatti,-14.268831455043657
Marquis Grissom Jr.,-14.271017060651324
Michael Byrne,-14.2846390436293
Bryan Hoeing,-14.289189745241254
Kyle Whitten,-14.309660488963235
Wesley Moore,-14.310355875849128
Kaleb Bowman,-14.31704027032568
Josh Winckowski,-14.319471148262275
Danny Watson,-14.31982892909569
Ryan Miller,-14.343813717882254
Michael Plassmeyer,-14.371598493440333
Matt Carasiti,-14.37818938638017
Kyle Wright,-14.381705927952014
Yilber Diaz,-14.41138099107418
Tylor Megill,-14.461443518510237
Carl Edwards Jr.,-14.496481232445472
Luis Curvelo,-14.504893845153916
Brent Suter,-14.525211591921828
Daniel Juarez,-14.525317127054585
Tekoah Roby,-14.530936568353992
Fineas Del Bonta-Smith,-14.537579090706751
Cole Ayers,-14.544461354039598
Jacob Lopez,-14.553450845572565
Justin Garza,-14.571973263482157
Sammy Peralta,-14.574947666757772
Andrew Magno,-14.591616211373072
Ryan Middendorf,-14.613754258460832
Sean Hjelle,-14.614795369298555
Mason Hickman,-14.639930813423431
Tyler Myrick,-14.670288884076612
Justin Hagenman,-14.693200098515495
Tanner Kiest,-14.693748903567766
Carter Loewen,-14.72413918317882
DJ Herz,-14.746597629041128
Sean Reynolds,-14.772526551974323
Blayne Enlow,-14.773369402144777
Bradgley Rodriguez,-14.79693609204534
Eric Adler,-14.797674302295723
Conner Greene,-14.799561461606402
Johan Oviedo,-14.800651705349788
Taylor Widener,-14.81963355567551
Andrew Painter,-14.821631014393558
Ethan Pecko,-14.82319901358056
David Peterson,-14.827550646828502
Steven Wilson,-14.838989736567092
Leonardo Pestana,-14.898311818076582
Luis Velasquez,-14.89857246908675
Jonathan Hernández,-14.919842176913765
