Player,Position(s),Team,NFBC_ADP,steamer,thebatx,oopsy,Eno,closermonkey rank,closermonkey tier,bp_expert_count,athletic
Shohei Ohtani,"UT, P",LAD,1,61.05299843579922,60.03363224044122,59.11761251808283,74.0,,,,1.0
Shohei Ohtani,"UT, P",LAD,1,61.05299843579922,60.03363224044122,21.254642158970757,74.0,,,,1.0
Shohei Ohtani,"UT, P",LAD,1,61.05299843579922,16.47696219985636,59.11761251808283,74.0,,,,1.0
Shohei Ohtani,"UT, P",LAD,1,61.05299843579922,16.47696219985636,21.254642158970757,74.0,,,,1.0
Shohei Ohtani,"UT, P",LAD,1,16.71239427646264,60.03363224044122,59.11761251808283,74.0,,,,1.0
Shohei Ohtani,"UT, P",LAD,1,16.71239427646264,60.03363224044122,21.254642158970757,74.0,,,,1.0
Shohei Ohtani,"UT, P",LAD,1,16.71239427646264,16.47696219985636,59.11761251808283,74.0,,,,1.0
Shohei Ohtani,"UT, P",LAD,1,16.71239427646264,16.47696219985636,21.254642158970757,74.0,,,,1.0
Bobby Witt,SS,KC,2,46.04369095120704,52.75253760752661,47.36940140457331,,,,,4.0
Aaron Judge,OF,NYY,3,57.883771125725254,62.80728917182534,66.55135578294893,,,,,2.0
Elly De La Cruz,SS,CIN,4,38.02534630530749,39.07210038183888,39.56779207177964,,,,2.0,5.0
Jose Ramirez,3B,CLE,5,40.810007613493426,38.92295031111457,29.399159924665263,,,,,7.0
Corbin Carroll,OF,ARZ,6,41.88711592929179,35.914923723933676,35.923444235326365,,,,2.0,8.0
Juan Soto,OF,NYM,7,50.81001639254684,50.956848180127,51.14060659520291,,,,1.0,3.0
Kyle Tucker,OF,CHC,8,35.63858317814462,39.01057791567465,37.165028756594296,,,,,10.0
Gunnar Henderson,SS,BAL,9,43.98636473674894,39.932023990948835,40.015507848958066,,,,,13.0
Paul Skenes,P,PIT,10,45.87524729463742,42.28670514224781,45.017316825525725,1.0,,,,15.0
Tarik Skubal,P,DET,11,43.037826419490266,45.56703621325756,44.31870761867916,2.0,,,1.0,11.0
Jackson Chourio,OF,MLW,12,32.38430422795655,27.407449021386824,21.061313089954304,,,,1.0,26.0
Julio Rodriguez,OF,SEA,13,34.91249889722022,37.083905697802194,38.16543567798334,,,,,16.0
Vladimir Guerrero,1B,TOR,14,44.11679926724234,46.55507549083921,41.40172326817825,,,,,17.0
Fernando Tatis,OF,SD,15,40.05434197745386,41.85981611955049,38.73784985322784,,,,,12.0
Francisco Lindor,SS,NYM,16,30.627403183752985,33.67230724471965,28.1354210365927,,,,,21.0
Yordan Alvarez,OF,HOU,17,49.43368362377346,49.02168497213635,45.68711979686543,,,,,9.0
Mookie Betts,"SS, OF",LAD,18,38.879089963274,38.52729509771483,33.72497508866468,,,,1.0,14.0
Garrett Crochet,P,BOS,19,38.73184433715644,34.09761111434853,33.258087560547594,5.0,,,2.0,20.0
Zack Wheeler,P,PHI,20,29.20097459206001,29.42566335004228,31.65047645434534,3.0,,,1.0,28.0
Jazz Chisholm,"3B, OF",NYY,21,27.709666300247147,29.821194672757382,24.07525465783233,,,,,24.0
Jarren Duran,OF,BOS,22,26.444768771858666,32.75030641142375,28.58336554119581,,,,,29.0
Logan Gilbert,P,SEA,23,26.80737217363917,30.203992067164464,30.88408598118373,4.0,,,,37.0
William Contreras,C,MLW,24,32.46264831500318,32.22605264592531,30.03626517000396,,,,,43.0
Trea Turner,SS,PHI,25,22.228909208151062,26.45462040891295,23.542354691271058,,,,,39.0
Bryce Harper,1B,PHI,26,40.11011814941653,35.217007215168614,36.88883967784787,,,,,18.0
Jackson Merrill,OF,SD,27,26.54053229109413,27.294370959760588,18.70239446297801,,,,,50.0
Wyatt Langford,OF,TEX,28,21.93472963927219,28.13617692505279,25.812964918961192,,,,1.0,25.0
Chris Sale,P,ATL,29,40.72726026384633,30.310584978091256,32.58659602005332,6.0,,,,30.0
Austin Riley,3B,ATL,30,30.05492069939116,36.67808429362549,34.491917134186764,,,,,35.0
Oneil Cruz,"SS, OF",PIT,31,25.17228479585694,31.53851309647358,29.35915050782386,,,,1.0,45.0
Ketel Marte,2B,ARZ,32,32.15219877947035,29.337858890088427,25.79271714966035,,,,,19.0
Blake Snell,P,LAD,33,24.777357967323763,22.8943610363088,25.639403366856715,11.0,,,,71.0
Freddie Freeman,1B,LAD,34,36.17644654920837,31.35893864869095,28.813873056391262,,,,,33.0
Mason Miller,P,ATH,35,27.893458407768502,25.152514693865076,27.29985512110261,,2.0,1,,23.0
Manny Machado,3B,SD,36,26.572226049528965,26.996085940591367,25.016043644573468,,,,,46.0
Matt Olson,1B,ATL,37,32.03232460071838,32.48622555181154,33.76221014869895,,,,1.0,40.0
Emmanuel Clase,P,CLE,38,16.942413453752255,21.544894339081825,20.37312365707227,,3.0,1,,22.0
Corbin Burnes,P,ARZ,39,13.52753330376562,9.878565480327458,17.995396527358402,7.0,,,,88.0
Josh Hader,P,HOU,40,22.124138590429062,22.28478312619037,20.651552332551237,,1.0,1,,34.0
Devin Williams,P,NYY,41,16.68295573646097,18.99797329086436,19.2810156279797,,4.0,1,,57.0
Cole Ragans,P,KC,42,19.18741998697671,24.74201450936593,16.75694385134645,8.0,,,,70.0
Michael Harris II,OF,ATL,43,26.693291226787434,26.00467747306571,28.236814264479182,,,,,
Jacob deGrom,P,TEX,44,44.314311262085226,28.137917258939545,30.879309281592462,12.0,,,2.0,44.0
Rafael Devers,3B,BOS,45,32.691115058872896,33.47156954938763,29.47967418915236,,,,,32.0
Edwin Diaz,P,NYM,46,24.505613716670943,24.145253237994332,25.557653275410196,,,,1.0,38.0
Ronald Acuna,OF,ATL,47,50.687693774519666,44.51014402575952,44.35301673156973,,,,,6.0
Dylan Cease,P,SD,48,24.984216869330073,25.429362145530938,26.30824988025804,9.0,,,1.0,47.0
CJ Abrams,SS,WAS,49,22.82065722789467,20.66841011912947,17.66645222704422,,,,1.0,81.0
Corey Seager,SS,TEX,50,28.022504357070048,34.58025189911651,24.92502375616001,,,,,51.0
Pete Alonso,1B,NYM,51,31.045448955842534,32.06932934198482,31.837543601688697,,,,,42.0
Raisel Iglesias,P,ATL,52,15.983438378961155,15.764592987645733,15.516710853284875,,7.0,1,,69.0
Ryan Helsley,P,STL,53,20.871714994951834,17.572733858944847,20.75812016567987,,5.0,1,,49.0
James Wood,OF,WAS,54,22.103287725718907,20.69021515371325,22.807664193822852,,,,,31.0
Yoshinobu Yamamoto,P,LAD,55,16.513307692739566,19.46841412370757,19.159870326344663,18.0,,,,96.0
Lawrence Butler,OF,ATH,56,25.197287563894143,22.09242829863832,19.247584691751427,,,,2.0,74.0
Teoscar Hernandez,OF,LAD,57,26.34249561213925,29.019608668288537,28.16715092306238,,,,,54.0
Andres Munoz,P,SEA,58,19.574995707004323,19.44870215441791,20.20301622371046,,,,,52.0
Framber Valdez,P,HOU,59,12.615380945160505,16.284653125356677,14.277140490751998,10.0,,,,86.0
Spencer Schwellenbach,P,ATL,60,10.28295944842584,17.27335584470368,10.992574012862708,28.0,,,,56.0
Michael King,P,SD,61,14.43178066699678,18.06431934033983,10.301411175036897,26.0,,,,109.0
Brent Rooker,UT,ATH,62,30.78508193580677,28.773832592186174,27.761004000936765,,,,1.0,36.0
Ryan Walker,P,SF,63,18.64374591487912,15.959305983954904,16.793618754394366,,10.0,2,,76.0
Adley Rutschman,C,BAL,64,22.533541846834407,22.492645757571097,17.912347425814815,,,,1.0,114.0
Spencer Strider,P,ATL,65,27.60258070333112,25.493161019215993,29.52924468859677,19.0,,,3.0,159.0
Yainer Diaz,C,HOU,66,20.71460604968623,18.83733826855265,19.84255917163816,,,,,192.0
Jhoan Duran,P,MIN,67,18.539554134036894,15.372060413832669,17.901077068630528,,,,,67.0
Felix Bautista,P,BAL,68,22.294286227776112,20.08119014548011,20.035325334544673,,,,,41.0
Tyler Glasnow,P,LAD,69,28.422202269991423,27.17850075730515,29.78711750471841,13.0,,,,90.0
Marcell Ozuna,UT,ATL,70,25.6693334828976,23.662543217929567,30.383998075998537,,,,,64.0
Willson Contreras,C,STL,71,21.18108030945224,25.353148585600177,26.006573818518714,,,,1.0,105.0
Brenton Doyle,OF,COL,72,18.593403651328824,23.31623016051357,14.4541162673538,,,,,77.0
Jose Altuve,2B,HOU,73,21.77463208302371,13.934063603718345,20.209663274490083,,,,,48.0
Jeff Hoffman,P,TOR,74,16.725336580104198,12.320652839007058,16.10347497207421,,11.0,2,1.0,115.0
Junior Caminero,3B,TB,75,20.45268540672289,16.67096421210183,20.39356968990231,,,,,160.0
Pablo Lopez,P,MIN,76,19.36209153259705,18.044693482690192,14.3080292540499,,,,1.0,65.0
Tanner Scott,P,LAD,77,15.683339324684038,11.102859713380449,14.897887905989863,,12.0,2,3.0,155.0
Tanner Bibee,P,CLE,78,10.929361216243809,16.91007443037347,13.859617544598327,27.0,,,,120.0
Bryce Miller,P,SEA,79,8.36390748641298,15.089855039320115,17.612874638234004,15.0,,,,140.0
Bailey Ober,P,MIN,80,9.629814227255295,17.707939199218746,9.86376843123353,52.0,,,1.0,126.0
Salvador Perez,"C, 1B",KC,81,20.340696494025153,22.370917535929696,20.916428039032652,,,,,170.0
Cody Bellinger,"1B, OF",NYY,82,19.84852239761187,16.650555137985716,14.179837318924807,,,,1.0,110.0
Ozzie Albies,2B,ATL,83,19.754512507445725,16.342410340053604,21.61028956785263,,,,,60.0
Matt McLain,"2B, SS",CIN,84,22.358396515098867,23.11379342587287,22.62699178037791,,,,,85.0
Seiya Suzuki,OF,CHC,85,18.54407642829296,25.28925656048879,18.54114617597705,,,,,84.0
Kyle Schwarber,UT,PHI,86,34.42805339963234,27.398005604029823,35.43082325479714,,,,1.0,27.0
Shota Imanaga,P,CHC,87,16.55325883473737,15.522039893847008,12.079235045157391,34.0,,,1.0,103.0
Joe Ryan,P,MIN,88,19.023031183290023,24.391619212450635,19.618870468813768,22.0,,,,111.0
Hunter Greene,P,CIN,89,10.951485363323146,9.361344098731456,20.67489618317122,31.0,,,,211.0
Logan Webb,P,SF,90,11.953993858503884,15.333341370329189,11.641567218139174,17.0,,,1.0,68.0
Aaron Nola,P,PHI,91,12.056155075016342,9.705463139274588,14.602674028634349,25.0,,,,89.0
Luis Robert,OF,CWS,92,20.47154734969205,21.922783834684655,24.09162556384106,,,,,78.0
Hunter Brown,P,HOU,93,10.783583984344045,12.097507976591448,12.172024684249369,16.0,,,1.0,153.0
Max Fried,P,NYY,94,13.32099760897848,19.523137615287517,13.72844357086156,14.0,,,,97.0
Christian Yelich,OF,MLW,95,17.898719039161996,22.045516914829083,19.83203253107157,,,,1.0,59.0
Cal Raleigh,C,SEA,96,21.81394341145789,22.158792338990203,25.831286750420603,,,,,129.0
Mike Trout,OF,LAA,97,21.803997065381942,27.704475251998023,30.224459611851124,,,,1.0,72.0
Roki Sasaki,P,LAD,98,19.77517542846478,5.718921128309212,19.059658841058013,20.0,,,,139.0
Freddy Peralta,P,MLW,99,17.69433038361686,21.99161259612391,19.677022549237876,24.0,,,,107.0
Robbie Ray,P,SF,100,10.764708710749836,8.72997011014003,12.525743912306066,43.0,,,,197.0
Jordan Westburg,"2B, 3B",BAL,101,17.2144057291686,14.571190340403314,15.261618488504007,,,,,152.0
Cristopher Sanchez,P,PHI,102,8.788323206790398,6.11864871330038,6.065444826101468,,,,3.0,178.0
Luis Castillo,P,SEA,103,15.591316636854478,13.69918367754238,20.143190160608302,23.0,,,,98.0
Josh Naylor,1B,ARZ,104,21.45692276619036,19.92792291774712,19.492513364497764,,,,,113.0
Bryan Reynolds,OF,PIT,105,22.58496816059615,23.43363331464279,18.9730232867391,,,,,80.0
Anthony Santander,OF,TOR,106,27.530273163292694,26.246793351309012,23.92913595015369,,,,1.0,61.0
Alex Bregman,3B,BOS,107,25.54241575185931,23.166592008485097,15.771766558723412,,,,1.0,79.0
Willy Adames,SS,SF,108,20.264451703428623,23.05487747864889,24.235719762307227,,,,,75.0
Christian Walker,1B,HOU,109,23.48540039540946,21.278366899628995,22.95386977300508,,,,,102.0
Riley Greene,OF,DET,110,24.87298886933727,23.896113823139668,26.040804895544017,,,,,82.0
Shea Langeliers,C,ATH,111,18.553896777002286,21.717385016693925,18.968168383205587,,,,,202.0
Will Smith,C,LAD,112,18.255066316617302,26.461326152266576,17.78001462060421,,,,,162.0
Pete Crow-Armstrong,OF,CHC,113,9.339824301464343,15.899345244707508,14.14611214382524,,,,,62.0
Mark Vientos,3B,NYM,114,23.21833768601531,15.03002134317237,17.66475164240055,,,,,149.0
Bo Bichette,SS,TOR,115,18.10424305538818,13.74408281116814,18.25020844801884,,,,,154.0
Dylan Crews,OF,WAS,116,13.504174398705374,14.49018173570184,8.535057269458491,,,,1.0,150.0
Zac Gallen,P,ARZ,117,5.686303420640665,9.791078558594952,9.623104731570772,41.0,,,1.0,146.0
Justin Steele,P,CHC,118,12.58278355868235,20.05035634656724,13.110096638958996,32.0,,,,118.0
Jake Burger,"1B, 3B",TEX,119,16.758884433461315,20.15163257901563,20.56994600642921,,,,,187.0
Bryan Woo,P,SEA,120,8.001893891141197,15.50900368607458,18.622064858702483,29.0,,,,175.0
Josh Lowe,OF,TB,121,15.959823040691528,15.407661218157571,19.362282937056474,,,,2.0,127.0
Sandy Alcantara,P,MIA,122,4.94496325088727,8.322594980273244,6.735892319369772,37.0,,,1.0,172.0
Trevor Megill,P,MLW,123,15.674870491238032,9.049157361362024,14.806348541408935,,20.0,3,,186.0
Matt Chapman,3B,SF,124,19.749928827491043,28.59592909795512,22.827411501901707,,,,1.0,73.0
Marcus Semien,2B,TEX,125,20.289709186331994,15.188813727881772,14.380557997335089,,,,,58.0
Carlos Rodon,P,NYY,126,15.085779839771051,6.623570911063779,13.676827204092913,,,,,108.0
Sonny Gray,P,STL,127,22.37914453923228,16.127537583404976,14.64965723485345,38.0,,,,95.0
Robert Suarez,P,SD,128,11.429587149205624,6.419611720937371,10.188768171219348,,21.0,3,,198.0
Kenley Jansen,P,LAA,129,10.368658423927071,9.919857354190118,11.080936220336463,,18.0,3,,278.0
Luis Garcia,2B,WAS,130,14.09250406434697,10.438588156978057,13.056447644940894,127.0,,,,128.0
Luis Garcia,2B,WAS,130,-0.0482021842532327,1.6563704653115074,1.8498796122017689,127.0,,,,128.0
Randy Arozarena,OF,SEA,131,22.900995882445297,26.210779709981125,22.306695598963355,,,,1.0,53.0
Vinnie Pasquantino,1B,KC,132,23.805562999391142,18.43409848034056,17.81955070760455,,,,,143.0
George Kirby,P,SEA,133,17.99095279164824,22.34118251727061,21.104172246461907,33.0,,,,83.0
Jack Flaherty,P,DET,134,11.95059595710503,13.061469965711009,12.4249252819392,51.0,,,,177.0
Ian Happ,OF,CHC,135,20.75659634478815,22.89702145125084,20.05488902319516,,,,,63.0
Triston Casas,1B,BOS,136,19.898727771467115,17.848481590366113,25.121153535533914,,,,1.0,123.0
Nick Pivetta,P,SD,137,14.40575998324118,12.411945933255875,14.83852371374904,55.0,,,1.0,190.0
Ezequiel Tovar,SS,COL,138,15.656276028134783,20.06311269772668,14.54641549204205,,,,,151.0
Logan O'Hoppe,C,LAA,139,12.144294382589056,20.55072106000821,13.828092106062892,,,,,256.0
Jasson Dominguez,OF,NYY,140,13.674368778251278,13.539210326470332,18.772765614485376,,,,,124.0
J.T. Realmuto,C,PHI,141,11.865855209929586,19.614572549178963,17.403173210036496,,,,,253.0
Xavier Edwards,SS,MIA,142,14.635392716618473,10.63575618880652,7.201010140665013,,,,1.0,121.0
Jordan Romano,P,PHI,143,7.532986455674011,5.46252011954323,6.606778604268883,,14.0,3,2.0,330.0
Anthony Volpe,SS,NYY,144,15.414185232834608,11.34368840952308,17.315803274783573,,,,,141.0
Gavin Williams,P,CLE,145,1.0444752599667688,5.094991874108952,7.349049970503982,45.0,,,4.0,119.0
Jeremy Pena,SS,HOU,146,12.352253405384667,13.957807150270645,16.94921494123911,,,,,164.0
Adolis Garcia,OF,TEX,147,17.655334146815235,17.855198416635464,18.790121007170175,,,,,130.0
Steven Kwan,OF,CLE,148,18.500486987445523,9.169711815931915,13.706258423623508,,,,1.0,106.0
Kodai Senga,P,NYM,149,9.11339831043144,9.541693116594262,13.74701135611604,39.0,,,,234.0
Kevin Gausman,P,TOR,150,8.962220202293956,-0.8898141758335574,3.442059226184816,49.0,,,,100.0
Yusei Kikuchi,P,LAA,151,16.04100716588136,8.101948610629744,13.520572954962232,42.0,,,1.0,165.0
Ryan Pressly,P,CHC,152,10.95970574676217,8.668282035099406,9.45878467498532,,16.0,3,1.0,233.0
Pete Fairbanks,P,TB,153,10.431333062202375,8.148012651006155,12.478758605048892,,15.0,3,,251.0
Andres Gimenez,2B,TOR,154,15.065070304575835,10.585436455558916,14.732632964022526,,,,,112.0
Shane McClanahan,P,TB,155,18.309105474781056,13.60169037477377,11.125022024982233,30.0,,,,132.0
Austin Wells,C,NYY,156,13.610017495957877,13.813005959113942,13.11463360203488,,,,,286.0
Tommy Edman,OF,LAD,157,8.837704115845296,13.262432307492618,11.161267024362168,,,,,174.0
Ryan Pepiot,P,TB,158,3.336759161807894,10.139986507665329,12.49019734612208,35.0,,,1.0,235.0
Clay Holmes,P,NYM,159,2.850760286123436,8.60493899990965,7.282261638380843,46.0,,,3.0,219.0
Colton Cowser,OF,BAL,160,14.04476651457328,19.386362309586477,16.61671179566875,,,,,66.0
Brice Turang,2B,MLW,161,12.787656527776797,4.402686053576755,8.17736907270612,,,,,92.0
Xander Bogaerts,"2B, SS",SD,162,13.699077284228624,17.11204494242045,13.468333222076067,,,,,93.0
Justin Martinez,P,ARZ,163,12.075434425516914,10.693078835058955,10.811295701638272,,26.0,4,,205.0
David Bednar,P,PIT,164,9.586480453086592,6.672983269455712,8.90376986689688,,17.0,3,,230.0
Alec Bohm,3B,PHI,165,13.98331366783972,13.687458210996196,12.842915488271558,,,,,166.0
Dansby Swanson,SS,CHC,166,10.710956487067987,19.90210706804806,15.583651920006458,,,,,116.0
Lane Thomas,OF,CLE,167,14.91634252298953,15.607127811092496,12.054967041273592,,,,,133.0
Brandon Pfaadt,P,ARZ,168,5.613824793516629,5.482658547993525,5.958818350566317,48.0,,,,225.0
Carlos Estevez,P,KC,169,4.468433995735147,3.981659249368664,3.1259227811539105,,,,,277.0
Masyn Winn,SS,STL,170,17.021676176966015,9.81880108572176,9.55513789110503,,,,,173.0
Victor Robles,OF,SEA,171,8.789093878856246,12.57305821712972,9.956858733188882,,,,2.0,183.0
Paul Goldschmidt,1B,NYY,172,20.197542190171145,17.797715993321273,17.859922350820117,,,,,137.0
Kyle Finnegan,P,WAS,173,6.665872373489525,1.6496726554468273,4.684173981137755,,24.0,4,2.0,313.0
Bryson Stott,2B,PHI,174,13.713128155407286,10.171150603912531,12.39257741941396,,,,1.0,87.0
Taylor Ward,OF,LAA,175,18.53807189412945,25.28917449228481,18.035711811718617,,,,,91.0
Gabriel Moreno,C,ARZ,176,13.647305778561796,15.160352276109258,14.286122241959664,,,,1.0,244.0
Taj Bradley,P,TB,177,6.166684089973653,7.085243451760648,12.285274110805972,50.0,,,,229.0
Nick Castellanos,OF,PHI,178,13.393647638845309,16.16087046570773,15.183554523833616,,,,,167.0
Seth Lugo,P,KC,179,-4.472986687201741,-1.086826169712754,-4.089765053784153,60.0,,,,193.0
Eugenio Suarez,3B,ARZ,180,12.154172219332724,16.135850707917545,12.952268294996186,,,,,181.0
Reynaldo Lopez,P,ATL,181,9.460205033512205,5.370910456994578,5.649315944659244,,,,,176.0
MacKenzie Gore,P,WAS,182,12.099610841707628,2.2476239430453573,1.5842537214280807,70.0,,,,227.0
Spencer Arrighetti,P,HOU,183,-4.167871454777359,0.0812173025169091,0.8651863247900262,67.0,,,,364.0
Yandy Diaz,1B,TB,184,22.7499240455467,22.43747561452572,19.47102996645436,,,,1.0,147.0
Luis Rengifo,"2B, 3B",LAA,185,11.386255987657384,8.232561871686734,14.133659896695704,,,,1.0,188.0
Nathan Eovaldi,P,TEX,186,9.302219663855084,6.551166043321396,6.59962479739595,53.0,,,,194.0
Isaac Paredes,3B,HOU,187,21.001768950862427,12.414958113621182,13.202013226867368,,,,1.0,144.0
Zach Eflin,P,BAL,188,4.779861618584041,8.290249530411218,4.756165948124718,69.0,,,,99.0
Michael Toglia,1B,COL,189,13.473605536263614,14.187307436845398,11.324672923495092,,,,2.0,231.0
Christian Encarnacion-Strand,1B,CIN,190,9.716641813976604,13.97274673748938,8.405302413270174,,,,1.0,389.0
Jesus Luzardo,P,PHI,191,6.951738716624696,3.415050391914927,5.4879564337752145,,,,,280.0
Alexis Diaz,P,CIN,192,1.9990544260828835,5.325182379984099,3.8742673773300926,,,,,338.0
Keibert Ruiz,C,WAS,193,8.936140214671752,6.027752692357266,7.102187335434861,,,,,391.0
Kerry Carpenter,OF,DET,194,14.019240233489526,15.510457300431128,12.790646972343676,,,,1.0,212.0
Jorge Soler,OF,LAA,195,18.172569991318458,24.36881400331996,21.115285707996872,,,,2.0,135.0
Ceddanne Rafaela,"SS, OF",BOS,196,3.5342293857850486,2.382518910913993,4.722665167085044,,,,,405.0
Jurickson Profar,OF,ATL,197,17.85149843089904,15.046968979607335,14.12754913229412,,,,2.0,145.0
Matt Shaw,3B,CHC,198,,,,,,,1.0,169.0
Chris Martin,P,TEX,199,11.08470789327718,10.64403276449404,8.529843053823974,,23.0,4,,214.0
Brandon Nimmo,OF,NYM,200,16.535531395142712,14.860394129297529,16.158855745279443,,,,,163.0
Luis Arraez,"1B, 2B",SD,201,15.00729535573361,4.162426450067823,9.721537649280982,,,,1.0,136.0
Reese Olson,P,DET,202,1.9982917878128423,3.9980663126232536,5.6577704417648915,54.0,,,,238.0
Aroldis Chapman,P,BOS,203,14.74946581581281,11.320040938927322,12.10113438591485,,22.0,4,,257.0
Nick Lodolo,P,CIN,204,8.873719827617476,1.3721672556890752,7.469636323645426,56.0,,,,324.0
Shane Baz,P,TB,205,-7.2698940614214465,0.2088443101369255,-3.8292468620304367,59.0,,,,485.0
Tyler O'Neill,OF,BAL,206,10.249409976962552,18.8426230007366,16.74438105510949,,,,,195.0
Walker Buehler,P,BOS,207,-13.40653984327065,-12.506739680193132,-18.22779701102527,87.0,,,1.0,250.0
Byron Buxton,OF,MIN,208,15.150695682629369,16.364477861971647,19.90970790437359,,,,,217.0
Maikel Garcia,"2B, 3B",KC,209,10.05447637681458,5.20169705820565,8.802167519575399,,,,,189.0
Heliot Ramos,OF,SF,210,11.653698386069264,17.47807867830412,16.33703570934567,,,,,185.0
Drew Rasmussen,P,TB,211,7.005887580827066,9.742374054218828,13.588138810956432,63.0,,,,323.0
Brandon Lowe,2B,TB,212,17.648797984868924,11.662536193167591,20.160981358873443,,,,1.0,125.0
A.J. Puk,P,ARZ,213,11.759229711416555,11.079098415632036,10.64931760002765,,28.0,5,2.0,201.0
Nico Hoerner,2B,CHC,214,12.13834737538506,4.189192325531929,8.319767603219118,,,,,134.0
Ryan Mountcastle,1B,BAL,215,10.46726517314524,13.740703634731515,15.55557339133646,,,,,300.0
Jackson Holliday,2B,BAL,216,4.2513206910853025,4.944636013915257,6.713565928155084,,,,,101.0
Josh Jung,3B,TEX,217,8.817459115138892,7.522189595048631,11.43760003285922,,,,,295.0
Jonathan India,2B,KC,218,16.769893123605407,14.457189038123117,18.03315768601779,,,,,94.0
Ivan Herrera,C,STL,219,10.03251220093894,11.517584523690727,10.19242355107748,,,,,314.0
Grant Holmes,P,ATL,220,-3.2262592999593265,-1.3057065333472764,1.0394150435100549,65.0,,,,416.0
Zach Neto,SS,LAA,221,19.43212786904209,15.155809230049377,18.368493192143628,,,,,168.0
Cedric Mullins,OF,BAL,222,14.611410418070744,17.295731862694954,14.480068554250494,,,,1.0,122.0
Jackson Jobe,P,DET,223,-15.132069151306196,-3.139467089898866,-6.918737482454611,86.0,,,,475.0
Lourdes Gurriel,OF,ARZ,224,11.820517582512956,15.288099248966503,9.883342075532813,,,,,210.0
Tanner Houck,P,BOS,225,-1.6317212610100564,3.440925800799357,-4.367745551157461,58.0,,,,204.0
Jake McCarthy,OF,ARZ,226,11.701304533140576,11.489750783641874,11.201904567846787,,,,,171.0
Spencer Steer,"1B, OF",CIN,227,17.99165209803763,14.316850462219548,10.859950815794049,,,,,161.0
Carlos Correa,SS,MIN,228,15.22272130900228,15.987062575482874,19.6314388522102,,,,1.0,179.0
Garrett Mitchell,OF,MLW,229,10.600526197154434,8.064555915745828,14.243978141799149,,,,,216.0
Connor Wong,C,BOS,230,5.170029348076652,8.536689040080924,7.556520642693301,,,,,423.0
Lucas Erceg,P,KC,231,8.346633737068572,6.635128103196618,3.2460203267420655,,33.0,5,1.0,305.0
Jose Berrios,P,TOR,232,-6.276447076679233,-10.340719904910213,-9.926320488937051,,,,,240.0
Nestor Cortes,P,MLW,233,7.990775768060473,13.004408522595268,6.879729022498778,68.0,,,,213.0
Brandon Woodruff,P,MLW,234,14.213507132350474,18.276538841261516,23.801972528097387,143.0,,,,232.0
Gleyber Torres,2B,DET,235,14.486047886921174,10.915180189696446,13.67879180083335,,,,,104.0
TJ Friedl,OF,CIN,236,14.452718788852648,7.987005987726457,10.616748533786906,,,,,191.0
Willi Castro,"2B, 3B, SS, OF",MIN,237,9.016214626661093,6.539079590761253,13.2693714508988,,,,1.0,239.0
Ryan Jeffers,C,MIN,238,10.795493951991286,12.858444723559622,13.824034197199442,,,,1.0,334.0
Trevor Story,SS,BOS,239,3.3473905277782348,9.396177478617176,13.025513634447918,,,,1.0,264.0
Max Scherzer,P,TOR,240,10.200729981812218,7.429821420221284,7.975607931646024,62.0,,,,184.0
Jung Hoo Lee,OF,SF,241,15.652847187009982,14.060155358985991,11.457739671266452,,,,,221.0
Nolan Arenado,3B,STL,242,14.903026890966125,6.375475011251954,7.82064889715667,,,,1.0,203.0
Joey Ortiz,3B,MLW,243,8.190913309227565,7.761776929081916,8.032256829398506,,,,1.0,258.0
Bowden Francis,P,TOR,244,-1.3151907825199154,0.768902923509368,3.5993823115597503,91.0,,,,298.0
Jeffrey Springs,P,ATH,245,7.449558991050059,-0.8071922382760217,1.6194620421520265,104.0,,,,237.0
Zack Gelof,2B,ATH,246,10.587031788589623,7.89254217909383,13.16699988627345,,,,2.0,117.0
Rhys Hoskins,1B,MLW,247,12.816772325522324,14.660203607239367,15.371277076057376,,,,,236.0
Matt Wallner,OF,MIN,248,13.103563277987218,15.124649501998594,17.332637971064347,,,,,241.0
Dustin May,P,LAD,249,6.457290331690704,,1.3185977961596007,84.0,,,,449.0
Sean Manaea,P,NYM,250,3.614813540812193,4.954161300821249,7.319178500363303,78.0,,,,281.0
Tyler Stephenson,C,CIN,251,8.715835489770893,15.156049039176644,8.738501636379327,,,,,291.0
George Springer,OF,TOR,252,17.79975228098212,17.292158376148716,15.043634795102426,,,,,131.0
Alejandro Kirk,C,TOR,253,11.555142659737925,9.091972637677548,11.054854681791513,,,,1.0,328.0
Royce Lewis,3B,MIN,254,18.17106864823267,11.156983656268904,16.787602565329617,,,,,148.0
Ronel Blanco,P,HOU,255,-5.7640435965135755,-4.7400844052390205,-3.0990823742938653,88.0,,,,325.0
Joey Bart,C,PIT,256,3.7477432082687767,7.062902436758351,6.847165102126001,,,,,467.0
JJ Bleday,OF,ATH,257,,,,,,,,158.0
Tyler Soderstrom,1B,ATH,258,9.22203730932178,9.572333914434337,8.788690385356295,,,,1.0,343.0
Lars Nootbaar,OF,STL,259,18.350247394639695,15.145896411550735,15.309426576889155,,,,1.0,156.0
Brendan Donovan,"2B, OF",STL,260,14.01390332874356,7.713471613394352,9.82529243381969,,,,2.0,209.0
Justin Verlander,P,SF,261,-1.8823541903373344,-1.262804544936329,3.025532547917991,66.0,,,,265.0
Michael Busch,1B,CHC,262,9.026327977880994,12.542981738584796,11.069006344236897,,,,,259.0
Max Muncy,3B,LAD,263,11.926273691743251,17.598992563621405,14.35095418836933,,,,,142.0
Michael Conforto,OF,LAD,264,7.844241670462322,11.714412222960394,12.87160113952192,,,,1.0,276.0
Nathaniel Lowe,1B,WAS,265,14.606252516598405,10.38501015204647,16.942717841283454,,,,2.0,206.0
Ranger Suarez,P,PHI,266,6.653077582449495,2.0970511379626773,-2.2169559455630097,,,,,157.0
Nolan Jones,OF,CLE,267,-0.8177592875414397,11.583670067227438,0.0255620442433827,,,,,218.0
Victor Scott II,OF,STL,268,,,,,,,,
Clarke Schmidt,P,NYY,269,1.1831285521185997,6.891846544398336,9.189367687711096,76.0,,,,368.0
Christopher Morel,"2B, 3B",TB,270,11.696953322714512,12.853316225430046,17.660606136557988,,,,,207.0
Tyler Fitzgerald,SS,SF,271,5.072697162743756,8.833218846720325,10.833509499245425,,,,,246.0
Kirby Yates,P,LAD,272,6.703537725418189,9.562739631891644,5.473868763528079,,,,2.0,285.0
Nick Martinez,P,CIN,273,-11.117234889858407,-9.36603226420869,-4.816097245361406,116.0,,,,392.0
David Peterson,P,NYM,274,1.1876963537535854,-3.7767629895441583,0.4432003365111864,82.0,,,1.0,370.0
Jo Adell,OF,LAA,275,9.08749944988897,13.996415978161975,16.474520593348373,,,,1.0,255.0
Casey Mize,P,DET,276,-4.701531733962978,-4.4708951037424205,-4.290647457107542,96.0,,,,375.0
Andrew Vaughn,1B,CWS,277,14.740959638377465,20.35284512582174,10.049803241068489,,,,,243.0
Mitch Keller,P,PIT,278,-4.73688737428903,-11.601865722644083,0.0815730482696942,80.0,,,,310.0
Bo Naylor,C,CLE,279,9.377295264194364,8.15245490242106,8.08815197716301,,,,,376.0
Colt Keith,2B,DET,280,12.345330354527336,3.603396434551144,8.925547802369644,,,,1.0,208.0
Kris Bubic,P,KC,281,-3.524618094399206,0.7405390241888243,-5.573172603805207,151.0,,,,339.0
Connor Norby,3B,MIA,282,9.943418089339046,10.988927484231915,3.6936515720652983,,,,,220.0
Luis Severino,P,ATH,283,-6.793314145876868,-13.599861006882792,0.0596461408484145,71.0,,,,299.0
Michael Wacha,P,KC,284,-5.097392028359992,-0.162634430558249,-3.731897493344557,93.0,,,,294.0
Kumar Rocker,P,TEX,285,6.025652034987564,12.295931308870248,12.208555286578235,75.0,,,1.0,322.0
Merrill Kelly,P,ARZ,286,-3.550470302156837,-6.52942587733251,-5.374217248409441,125.0,,,,319.0
Luke Raley,"1B, OF",SEA,287,7.693535719160147,10.304942084393437,15.182765829607645,,,,1.0,311.0
Alec Burleson,OF,STL,288,10.766225756749323,8.669221193086273,4.758335603875874,,,,1.0,266.0
Tomoyuki Sugano,P,BAL,289,-12.951463110507625,-32.77729795020925,-14.11387225198514,133.0,,,,437.0
Kristian Campbell,2B,BOS,290,4.228970190445315,4.0109679941049095,9.182696387203634,,,,,329.0
Tylor Megill,P,NYM,291,5.042846016751366,2.1405843223186114,1.744428312339707,57.0,,,,510.0
Brandon Marsh,OF,PHI,292,10.391776081681831,11.597899354581411,14.510239039865551,,,,,200.0
Ryan McMahon,3B,COL,293,15.008462323133614,15.040875104444003,9.814603503018752,,,,1.0,138.0
Matthew Boyd,P,CHC,294,4.797049823264894,8.597124939773916,3.886508350623421,98.0,,,,321.0
Max Meyer,P,MIA,295,-6.832196011570285,-9.366362153576514,-6.464249492097656,107.0,,,,385.0
Jose Soriano,P,LAA,296,-1.1012936861541287,-1.3906794819229908,-4.283141394207035,,,,,365.0
Bubba Chandler,P,PIT,297,,,,,,,,629.0
Roman Anthony,OF,BOS,298,1.0152816721792488,3.074851907299939,2.67959855151176,,,,1.0,387.0
Grayson Rodriguez,P,BAL,299,9.963310583485036,9.432347496841858,14.346561208685625,47.0,,,,215.0
Griffin Jax,P,MIN,300,12.0221467882869,9.566551602827898,12.79007320402158,,27.0,5,,199.0
Jacob Young,OF,WAS,301,2.625186255144116,-0.2259160879262698,-1.2288446472497077,,,,,317.0
Hayden Birdsong,P,SF,302,0.3092301231331196,1.338517126504149,-0.1358760186891843,119.0,,,,527.0
Cam Smith,3B,HOU,303,,,,,,,,
Danny Jansen,C,TB,304,7.474193261832101,10.38986522013401,7.655740048271412,,,,1.0,396.0
Calvin Faucher,P,MIA,305,5.071659681957423,0.5704158408801706,3.4900961234459498,,34.0,5,,431.0
Jake Cronenworth,"1B, 2B",SD,306,7.552444169267679,9.210031437258465,7.771101213136925,,,,,290.0
Jason Foley,P,DET,307,2.4419631783410045,2.929682914505711,1.3651845278532757,,,,,408.0
Daulton Varsho,OF,TOR,308,10.159054345412184,14.92348208303602,14.352411875740827,,,,1.0,180.0
Jordan Walker,OF,STL,309,8.936925853466201,9.62443372143824,14.319651656877204,,,,,283.0
Patrick Bailey,C,SF,310,4.822562118337846,3.692406857545011,4.2240970826816255,,,,,433.0
Evan Carter,OF,TEX,311,5.731421419834985,10.92217570754988,9.939509841932594,,,,,252.0
Joc Pederson,UT,TEX,312,14.363608410792034,11.50822919223185,14.301594120146088,,,,2.0,222.0
Austin Hays,OF,CIN,313,5.8831973987846675,8.647245601196472,7.851391918772529,,,,2.0,345.0
Trevor Larnach,OF,MIN,314,9.409336727638747,12.752985850774092,8.5180649203371,,,,,263.0
Edwin Uceta,P,TB,315,2.4436724047016787,7.50743747881736,5.8437781670372715,,39.0,5,,355.0
Jared Jones,P,PIT,316,6.343832903733756,6.7275256932365775,6.3881052267784595,77.0,,,,226.0
Brady Singer,P,CIN,317,-2.939670709646753,-8.387624110275805,-3.512433823890758,,,,,275.0
Mike Clevinger,P,CWS,318,3.093895667551567,-0.6668489239193811,-2.650527377162222,,25.0,4,,
Jonathan Aranda,1B,TB,319,3.698206276401653,8.013073718617537,5.19636174424183,,,,,376.0
Will Warren,P,NYY,320,-3.480428091207429,-2.6578417226171105,-1.6681965773248923,85.0,,,,451.0
Jacob Wilson,SS,ATH,321,6.70788950876736,1.0,4.179059963143568,,,,,376.0
Jack Leiter,P,TEX,322,-6.4334108072502,-1.519135032898554,-1.6798761983383552,117.0,,,,653.0
Max Kepler,OF,PHI,323,5.559904828061224,7.2754240466195474,8.3716411621176,,,,,353.0
Porter Hodge,P,CHC,324,3.7989510534673614,10.511886670560752,4.3565613483713985,,,,,356.0
Chris Bassitt,P,TOR,325,-2.255709212492464,-4.012844376399216,-7.899731428855951,103.0,,,,268.0
Sal Frelick,OF,MLW,326,2.5939270296640657,0.9718054897547872,-1.1387689440616122,,,,,367.0
Jason Adam,P,SD,327,8.680772937286543,11.17068510780772,9.104366502068164,,35.0,5,,228.0
Hunter Goodman,"C, OF",COL,328,8.052021124456719,8.11084360936716,10.561806971660175,,,,,507.0
Nolan Schanuel,1B,LAA,329,14.425328184175388,5.315059781815753,8.191875958541452,,,,,248.0
Francisco Alvarez,C,NYM,330,10.367337421738018,8.21079904181413,12.659010767676024,,,,,374.0
Eduardo Rodriguez,P,ARZ,331,-0.2119748699656951,-1.5501475207526538,-9.735706566978353,135.0,,,,346.0
Gavin Lux,2B,CIN,332,4.999376457316577,4.89617548314334,7.0916864500547785,,,,,267.0
Otto Lopez,2B,MIA,333,3.681563451009873,1.253204731771906,1.0,,,,,292.0
Orion Kerkering,P,PHI,334,9.03852911037332,10.21996143323864,10.551344281686983,,,,,245.0
Jameson Taillon,P,CHC,335,-9.444936483279855,-6.081027086246778,-6.01792381970839,123.0,,,,341.0
Jonah Heim,C,TEX,336,2.6302245949761023,3.881065985312427,3.4873428657586287,,,,,539.0
Sean Murphy,C,ATL,337,7.244005804910408,10.361096676187582,13.44972417141365,,,,,402.0
Reid Detmers,P,LAA,338,4.952151397552698,1.9554432272091375,3.431644308795275,108.0,,,,418.0
Charlie Morton,P,BAL,339,-2.117919326571627,-8.342099601460005,-5.98669481456216,118.0,,,,336.0
Josh Bell,1B,WAS,340,11.159755446983532,9.531965896304326,8.148873260186807,,,,,282.0
Erick Fedde,P,STL,341,-5.686315139751642,-0.2911427989269348,-11.742891287302353,144.0,,,,274.0
Liam Hendriks,P,BOS,342,8.354163548484223,9.952307643608965,2.0541151216206157,,,,,261.0
Michael Soroka,P,WAS,343,,,,,,,1.0,494.0
Miguel Amaya,C,CHC,344,3.5552761608910637,1.7542005728797485,4.360719567739993,,,,,517.0
Hayden Wesneski,P,HOU,345,-5.3698162645486445,2.6060900227729737,0.0878329919840916,109.0,,,,473.0
Ben Joyce,P,LAA,346,8.331400953235052,,7.229012598982924,,45.0,just missed,,331.0
Yu Darvish,P,SD,347,2.9526483778790737,2.461555824807488,5.102863358054015,73.0,,,,271.0
Griffin Canning,P,NYM,348,-2.7266980842475195,-5.358486601403307,-11.356425570855274,152.0,,,1.0,661.0
Cade Povich,P,BAL,349,-1.4793006099167298,-1.4731111600158044,-1.6451160607312685,110.0,,,,646.0
David Hamilton,"2B, SS",BOS,350,-5.819359121307381,-2.5120690346840444,-5.774648910217704,,,,,
Aaron Civale,P,MLW,351,-2.1883398055527725,-0.4444287807247837,2.9662880303639567,79.0,,,,443.0
Jeimer Candelario,"1B, 3B",CIN,352,8.955806437899218,7.808367056023464,6.102455700974972,,,,,287.0
Spencer Torkelson,1B,DET,353,2.3246700196522783,3.4592984088845844,2.621062771834527,,,,,288.0
Wilyer Abreu,OF,BOS,354,9.177618497807975,12.625315789369344,12.637680218681044,,,,,262.0
Richard Fitts,P,BOS,355,-5.6374038186153586,,-6.974852144749063,,,,,
Sean Burke,P,CWS,356,-18.38514432903156,-3.8109470243828465,-0.5728409680958937,90.0,,,,609.0
Jonny DeLuca,OF,TB,357,,,,,,,,358.0
Drake Baldwin,C,ATL,358,-1.973910725707132,-0.2321291468060931,0.1246382137224384,,,,,644.0
Ben Rice,1B,NYY,359,-2.488783997916979,-4.170447402497799,-1.9635956853371668,,,,,
Parker Meadows,OF,DET,360,7.984614196889906,9.792799488956838,4.516570682408296,,,,,224.0
Landen Roupp,P,SF,361,-0.7636906919553019,4.134373131955472,3.983591949867485,81.0,,,,483.0
Jesus Sanchez,OF,MIA,362,9.064022300069936,11.592644542670646,9.619396051969687,,,,,223.0
Jose Caballero,"2B, 3B, SS",TB,363,-0.1972954757989802,1.2902274749746772,1.8748335666517912,,,,,459.0
Ryan Weathers,P,MIA,364,-5.399673935511785,-7.132330936235123,-2.348019227729904,105.0,,,,457.0
Thairo Estrada,2B,COL,365,5.374537170607626,1.7853254541108974,3.249113462938535,,,,1.0,242.0
Kyle Manzardo,UT,CLE,366,10.632925252585146,2.4119333461879666,3.817716574826191,,,,1.0,373.0
Heston Kjerstad,OF,BAL,367,3.06623262007009,4.275606976368462,3.3287830356032058,,,,,412.0
Andy Pages,OF,LAD,368,-1.6245886912008696,7.060940379233071,-2.5404562416449052,,,,,480.0
MJ Melendez,OF,KC,369,8.200106639692397,11.055003405615691,10.653931980286345,,,,,296.0
Jake Fraley,OF,CIN,370,8.296180122042648,4.064793228246938,8.095141003992424,,,,,279.0
Carlos Santana,1B,CLE,371,10.188267373280308,3.877722071048489,4.29254880993186,,,,,304.0
AJ Smith-Shawver,P,ATL,372,-0.2055187119473358,0.323652832111332,1.2142371932391296,,,,,478.0
Miguel Vargas,"3B, OF",CWS,373,7.658058759875717,7.212075657013385,4.056558170727514,,,,,316.0
Tyler Mahle,P,TEX,374,-3.298649557800199,0.7677482930561758,-4.303818959924681,126.0,,,,362.0
Jon Berti,3B,CHC,375,-8.436803588020458,-10.434671086992347,-6.519598905931286,,,,,648.0
Zack Littell,P,TB,376,-8.362321730939806,-1.7149989240588828,-6.536664584702707,114.0,,,,450.0
Beau Brieske,P,DET,377,2.5100180218915,5.457664253988594,2.664153431178854,,30.0,5,,610.0
Caleb Durbin,2B,MLW,378,-5.640088108323605,-7.7073618451845505,-5.746157065617933,,,,,497.0
Jose Miranda,3B,MIN,379,5.90167040583888,1.0,2.2522256400413347,,,,,406.0
Landon Knack,P,LAD,380,0.2855348151483673,,-0.2408518523146827,,,,,
Cade Smith,P,CLE,381,11.649875249155684,13.956856483244708,11.546755151324012,,,,,196.0
Ryan O'Hearn,"1B, OF",BAL,382,6.862281180985492,9.035304930197327,6.267847506716579,,,,,357.0
Ernie Clement,"3B, SS",TOR,383,-0.2881308595747858,-1.2698475454099265,-1.8455883014365504,,,,,535.0
Alex Vesia,P,LAD,384,4.199579337181564,8.010675013269449,5.900229739540305,,38.0,5,,400.0
Pavin Smith,OF,ARZ,385,1.655633222361041,3.983200205462591,2.280833094608399,,,,,419.0
Brayan Bello,P,BOS,386,-3.832886234753432,-1.7095700475607392,-5.054383568417402,102.0,,,,315.0
Luis L. Ortiz,P,CLE,387,-12.272864569086623,-6.0609590193906175,-5.614030794842364,89.0,,,,541.0
Osvaldo Bido,P,ATH,388,-5.403609486602943,-3.950454149793197,-0.7531800329892835,83.0,,,,628.0
Ke'Bryan Hayes,3B,PIT,389,5.993535524746866,5.999868971038851,4.63015751841643,,,,,273.0
Justin Slaten,P,BOS,390,1.1934710719472743,0.8714209524152969,1.217488475684434,,,,,489.0
Andrew Heaney,P,PIT,391,-2.6423495215558264,-7.4491653477431985,-6.353996037885608,154.0,,,,495.0
Tobias Myers,P,MLW,392,-4.6455675444202225,-0.0768533541700076,-1.5580408248611413,95.0,,,,434.0
Kyle Higashioka,C,TEX,393,2.469249335190246,1.8447031973961885,4.865339032801471,,,,,608.0
Chris Paddack,P,MIN,394,-0.6604573708977155,-2.739694657300306,-5.997826810522156,115.0,,,,428.0
Jordan Beck,OF,COL,395,3.222364036305163,4.367648514601699,3.382942631421847,,,,,407.0
Mitch Garver,C,SEA,396,3.4160791839362403,5.446703485407064,3.637472243973407,,,,,504.0
Jesse Winker,OF,NYM,397,6.498665731566487,4.389874462547418,4.325729211901203,,,,,318.0
JP Sears,P,ATH,398,-12.95887646071269,-12.975576815352428,-13.5091937402931,,,,,249.0
Jeremiah Estrada,P,SD,399,10.352401689237654,8.597601736118204,10.386733701082036,,43.0,just missed,,303.0
Michael Massey,2B,KC,400,6.642761165335503,1.8650002749638943,6.647171309477931,,,,,306.0
Luke Weaver,P,NYY,401,5.879379996988538,1.0609725490982134,7.215732112601762,,40.0,5,,372.0
Chandler Simpson,OF,TB,402,-5.927683268340765,-8.451801539134749,-7.514588834396276,,,,,
Nolan Gorman,2B,STL,403,6.846356905226981,2.192609374422094,7.461596918516588,,,,,270.0
Zac Veen,OF,COL,404,,,,,,,,
Tyler Kinley,P,COL,405,0.253048492261586,-1.944448916181599,-1.5894448841692808,,51.0,stash,,598.0
Zebby Matthews,P,MIN,406,1.0,4.206920781080584,2.771844942424278,147.0,,,,623.0
Seth Halvorsen,P,COL,407,-6.368420603366375,-0.3707851051417539,-3.192837029591674,,,,,611.0
Enrique Hernandez,"3B, OF",LAD,408,-4.497675141014055,-3.2872010869728667,-6.146203492021896,,,,,655.0
Scott Barlow,P,CIN,409,-1.919769013447517,-0.6736888016078932,-0.5674060663805642,,47.0,stash,,
Ben Brown,P,CHC,410,5.867227223800606,,3.8493510059305898,137.0,,,,445.0
Simeon Woods Richardson,P,MIN,411,-13.775152867057145,-8.701794913378517,-8.127780581347317,,,,,675.0
Lucas Giolito,P,BOS,412,-3.8867101694233384,-1.8584557146251883,-2.8701214326471702,111.0,,,,509.0
Michael McGreevy,P,STL,413,-2.107713783755214,,-7.7249668571078765,,,,,700.0
Taylor Rogers,P,CIN,414,1.951513784157561,1.6595677700921785,0.5931267893138679,,,,,506.0
Robert Garcia,P,TEX,415,7.7476378583870815,8.018086605596661,6.235420230421301,,,,,320.0
Camilo Doval,P,SF,416,9.738175266786287,7.336334398051014,8.056880279676648,,44.0,just missed,,293.0
Tommy Pham,OF,PIT,417,2.748113394983366,6.123202391498495,0.2733854349180989,,,,,361.0
Luisangel Acuna,SS,NYM,418,-4.979442388838012,-6.408377242314841,-5.709170462817547,,,,,622.0
Isiah Kiner-Falefa,"2B, 3B, SS",PIT,419,1.0,2.8110145614308912,0.7552427246742203,,,,,302.0
Brett Baty,3B,NYM,420,-5.349215598051902,-6.633424018878574,-6.510754152000361,,,,,272.0
Jake Meyers,OF,HOU,421,2.61311129795397,7.376900032041379,4.098286026727049,,,,,404.0
Jose Alvarado,P,PHI,422,6.693406125713298,2.259503949898235,6.606177601052396,,,,,411.0
Jorge Polanco,2B,SEA,423,3.451273146470989,1.0,6.266124565574844,,,,,289.0
Alan Roden,OF,TOR,424,-3.8668220684132977,-5.832318521960555,-3.706410724533334,,,,,
Jose Siri,OF,NYM,425,1.6028179339147663,5.77863974513804,7.4270074834874045,,,,,409.0
Paul DeJong,"3B, SS",WAS,426,-4.078549099135048,-3.697097912347304,-2.0425844253151353,,,,,659.0
Ryan Bliss,2B,SEA,427,0.7267106506913669,-5.0990201965537105,0.0062972719877705,,,,,430.0
Dylan Moore,"2B, 3B, SS, OF",SEA,428,1.0888774663279943,5.733862894709882,5.802292988322264,,,,,332.0
Freddy Fermin,C,KC,429,2.2871813743913574,0.2298939699542697,2.572973375731729,,,,,596.0
Andrew Benintendi,OF,CWS,430,6.775864125558526,5.388532021031384,2.286818732053801,,,,,326.0
Jake Irvin,P,WAS,431,-8.906205903000984,-12.891915236963976,-8.04026765808051,157.0,,,,376.0
Dean Kremer,P,BAL,432,-8.445223447956703,-6.02867537001075,-3.3641707871950883,112.0,,,,351.0
Chas McCormick,OF,HOU,433,3.241834002214099,5.601820527441927,6.688891684222035,,,,,348.0
Jordan Hicks,P,SF,434,-5.827063888583108,-4.165201020108349,-3.364910309856417,97.0,,,,486.0
Andrew Painter,P,PHI,435,-3.1041584985368544,7.870242587075089,9.21828266519309,146.0,,,,665.0
Jerar Encarnacion,OF,SF,436,-3.200362419107008,-2.3217127148175365,-1.556634459412587,,,,,561.0
Ha-Seong Kim,SS,TB,437,,,,,,,,260.0
Seranthony Dominguez,P,BAL,438,4.056714792460898,1.7667586075158654,3.849810820246915,,,,,354.0
Jhonkensy Noel,OF,CLE,439,0.1234202359877855,1.456381084381259,1.6581818714886252,,,,,536.0
Jacob Stallings,C,COL,440,-0.0342977179233181,2.393699422548748,0.0470836715058149,,,,,565.0
Jose Quintana,P,MLW,441,-10.350355066096087,-10.966577619359317,-9.34348165146687,,,,,426.0
Tyler Anderson,P,LAA,442,-20.686326139932746,-18.003949921988234,-19.77758256874715,165.0,,,,470.0
Marc Church,P,TEX,443,-3.109636535469546,3.339001562765349,-0.8131017828318006,,,,,686.0
Colin Holderman,P,PIT,444,1.4621028842005332,1.4163721648035508,2.9807723584314756,,,,,514.0
Victor Vodnik,P,COL,445,-5.615956521601696,-7.370342539973919,-7.228018785199481,,31.0,5,,
Brooks Lee,SS,MIN,446,1.0,-3.022148370132193,-0.6095901970622721,,,,,463.0
Garrett Whitlock,P,BOS,447,4.819859366206101,3.493512206850218,3.0992709736012114,,41.0,just missed,,444.0
Marcus Stroman,P,NYY,448,-19.869751000946874,-15.433557139547194,-17.992773038661266,134.0,,,,532.0
Ty France,1B,MIN,449,4.514455233317262,3.563125989340024,5.6338312161168025,,,,,466.0
Thomas Harrington,P,PIT,450,,,,,,,,
Blake Treinen,P,LAD,451,6.4403974445610315,5.56331473529577,7.081890618349804,,37.0,5,,333.0
Kutter Crawford,P,BOS,452,0.8675846242197898,4.287695167489447,-2.955172960292232,113.0,,,,284.0
Tyler Holton,P,DET,453,3.824999030537695,9.082845048945597,3.128221422219404,,,,,247.0
Carlos Carrasco,P,NYY,454,-4.584252548611934,,-7.57644956262933,,,,,
Nick Gonzales,2B,PIT,455,3.29180319120177,2.900710724481097,4.142463332741456,,,,,309.0
David Festa,P,MIN,456,1.8568364283110104,4.627564276855724,2.7165427426924476,128.0,,,,394.0
Quinn Mathews,P,STL,457,-0.4747833907019576,,2.8376742836207542,148.0,,,,552.0
Josh Smith,"3B, SS",TEX,458,2.869511927222473,4.308062223723919,2.187292679884046,,,,,410.0
Ryne Nelson,P,ARZ,459,-3.0660905647963608,-3.749010076877783,-6.593142281475489,158.0,,,,529.0
Logan Henderson,P,MLW,460,-1.938997166794028,,,,,,,
Jesus Tinoco,P,MIA,461,2.237525705297836,-0.3464295096178507,3.90304149313562,,,,,604.0
DJ Herz,P,WAS,462,1.4983694910039465,4.033784350932943,-5.891550931699467,,,,,401.0
Spencer Horwitz,"1B, 2B",PIT,463,8.298594348860902,3.9004161474819328,4.469850281352693,,,,,360.0
Endy Rodriguez,C,PIT,464,2.2713353171401853,6.058676880381308,3.768146644316761,,,,,469.0
Joe Boyle,P,TB,465,0.3547883041371232,,-2.4146968682831567,120.0,,,,
Travis d'Arnaud,C,LAA,466,1.489159899960196,3.434141757672624,2.9996796824492247,,,,,528.0
Edward Cabrera,P,MIA,467,0.1778615262268361,-0.521788926694611,2.070482276161921,94.0,,,,424.0
Jordan Lawlar,SS,ARZ,468,-5.792924320232629,-0.8629499198075798,-3.145307760175,,,,,580.0
Dennis Santana,P,PIT,469,-3.2976475675721746,-2.954419784143022,-1.7824882185498492,,,,,592.0
Tyler Freeman,OF,COL,470,0.8192497645134049,-0.0321788034341523,-2.888720897340046,,,,,599.0
Shane Smith,P,CWS,471,-11.40848956434282,,-4.54215364154681,149.0,,,,
Mauricio Dubon,"1B, 2B, OF",HOU,472,-2.718719101840349,-9.017506587321938,-2.3215446246423177,,,,,571.0
Curtis Mead,2B,TB,473,-2.000716931684146,-11.654502843763902,-0.4672717715874483,,,,,498.0
Matt Vierling,"3B, OF",DET,474,4.147790699426949,6.0822499031500685,1.7953695787268251,,,,,327.0
Kyle Hart,P,SD,475,-11.50542768371279,1.0336400477581722,-12.209541610940674,159.0,,,,672.0
David Robertson,P,TEX,476,5.693294384112367,5.702998546697494,4.1880057146804095,,,,,
Trevor Williams,P,WAS,477,-10.244498651075364,-9.214557958816416,-16.995735031464424,,,,,438.0
Jose Trevino,C,CIN,478,0.0507910695553767,-0.8248678953147415,0.3642094112097997,,,,,645.0
Emerson Hancock,P,SEA,479,-9.541450046143837,-4.748967097926495,-7.189379340226031,131.0,,,,
Tommy Kahnle,P,DET,480,0.4385538341446242,0.6604912818922051,1.0115707348299203,,,,,554.0
Brayan Rocchio,SS,CLE,481,4.469849566035961,-0.3138165739198506,1.8847144968245124,,,,,335.0
Wenceel Perez,OF,DET,482,-0.2292869958672632,1.0836369206786791,-0.3542707344147746,,,,,503.0
Mitchell Parker,P,WAS,483,-6.977986088283878,-6.119669659805849,-13.84210038592705,,,,,448.0
Leody Taveras,OF,TEX,484,1.0383428202589748,5.049581622150257,1.3658991257859163,,,,,421.0
Starling Marte,OF,NYM,485,0.561943255517665,0.6753724353983446,0.7608519289171423,,,,,477.0
Chad Green,P,TOR,486,0.6701509910945704,2.5564073784796126,-0.5124298101576505,,,,,471.0
Ben Lively,P,CLE,487,-17.19658883672584,-12.086832134815443,-15.00635471664797,166.0,,,,519.0
Logan Allen,P,CLE,488,-7.891073198518329,,-7.801202969067711,,,,,
Andrew Abbott,P,CIN,489,-7.540962770948351,-8.832439184509603,-4.013333914038127,130.0,,,,482.0
Christian Moore,2B,LAA,490,-3.9773079223616663,-6.0272582991757035,-1.5801062191296245,,,,,462.0
Geraldo Perdomo,SS,ARZ,491,5.506914142229613,2.9410591723203052,5.325464631676501,,,,,301.0
Kevin Ginkel,P,ARZ,492,5.091550201022589,3.457686870834389,3.2593218024521575,,42.0,just missed,,340.0
Lance McCullers,P,HOU,493,-0.2634737902700399,-1.616622802745344,1.0,,,,,493.0
Gavin Sheets,"1B, OF",SD,494,-3.1795161356517916,-7.495177981478744,-2.731759884794027,,,,,
Shane Bieber,P,CLE,495,6.327681636354039,6.37004471058703,3.5369747699064287,139.0,,,,342.0
Mike Yastrzemski,OF,SF,496,3.646498340103703,5.168332328416023,6.138889059457107,,,,,350.0
Luis Campusano,C,SD,497,4.0292465940574775,0.7135496561203449,1.5180139792292813,,,,,544.0
Dalton Rushing,C,LAD,498,-6.934024671341722,-0.961686017687948,,,,,,
Kyle Harrison,P,SF,499,4.621273169032153,0.2037873809458655,-0.5599716720872598,132.0,,,,395.0
Jordan Montgomery,P,ARZ,500,-7.060903731340938,-11.468326170529773,-13.808905626247164,163.0,,,,649.0
Marcelo Mayer,SS,BOS,501,-10.688269179361164,-9.436245917896503,-9.329542706576628,,,,,
Zach Dezenzo,1B,HOU,502,,,,,,,,
Graham Ashcraft,P,CIN,503,-2.0349163483481103,-3.1129912050389423,-5.8808287252549825,,,,,
Quinn Priester,P,BOS,504,-1.5168483204943644,,-4.157712674775661,,,,,
Mitch Spence,P,ATH,505,-5.242015334373743,-9.696512021592,-6.896349374923624,129.0,,,,563.0
Coby Mayo,3B,BAL,506,-6.23169265897504,-5.715708294323989,-8.18699333190291,,,,,633.0
LaMonte Wade,1B,SF,507,10.01272104683261,7.278259444376378,9.156441292646177,,,,,308.0
Kenta Maeda,P,DET,508,2.7508753241628643,,-5.273542272428229,171.0,,,,
Oliver Dunn,3B,MLW,509,-2.9606022709041957,-3.2536130657869196,1.0,,,,,553.0
Bryan De La Cruz,OF,ATL,510,-7.04233393502944,-1.1194946348267183,-7.795697425269079,,,,,668.0
Jac Caglianone,1B,KC,511,,,,,,,,
Kyle Farmer,"2B, 3B",COL,512,-4.9429533852567085,-6.830738536965959,-4.521860517429855,,,,,530.0
Davis Martin,P,CWS,513,-11.910920948579763,-16.026685273998247,-3.7424600077202976,121.0,,,,658.0
Mike Tauchman,OF,CWS,514,2.3033850494176815,2.05533072253224,-1.5902865568790276,,,,,376.0
J.P. Crawford,SS,SEA,515,2.737021106962538,6.437194846340593,7.779566274777225,,,,,307.0
Will Wagner,2B,TOR,516,1.0,-4.222051616015478,-2.4739239668347737,,,,,376.0
Trey Sweeney,SS,DET,517,-4.24523166985977,-2.871046407913894,-0.0961694811126541,,,,,632.0
Jonah Bride,1B,MIA,518,1.0,1.0,-1.3409729258178418,,,,,461.0
Miguel Andujar,OF,ATH,519,3.5283608176509067,-1.2849573426088927,0.235357841005855,,,,,508.0
Jack Kochanowicz,P,LAA,520,-15.639294061579626,-12.125732369373152,-14.913696871743577,173.0,,,,
Harrison Bader,OF,MIN,521,1.2403493033372008,0.7839514252686204,1.0,,,,,505.0
Tirso Ornelas,OF,SD,522,-5.19911149829775,-4.378628372697084,-7.613442846253642,,,,,593.0
Triston McKenzie,P,CLE,523,-10.369193957841183,-7.074686811222161,-10.433683495353828,153.0,,,,692.0
Stephen Kolek,P,SD,524,-8.436435489045714,,-3.928984103043242,,,,,
Masataka Yoshida,UT,BOS,525,-0.3322312429030332,-0.9340341093225628,-3.956660983922774,,,,,439.0
Tony Gonsolin,P,LAD,526,-6.7778041398492945,-3.2302792399893088,-3.651003257130789,122.0,,,,647.0
Anthony Bender,P,MIA,527,2.7456266431044596,0.9657363366403404,3.2265775223298068,,50.0,stash,,512.0
Luis Torrens,C,NYM,528,-1.6594644054194183,-1.4595450809568966,-0.7804957858199004,,,,,
Kris Bryant,UT,COL,529,3.1962270127277868,3.5132272063423016,2.722063137767142,,,,,442.0
Kyle Hendricks,P,LAA,530,-19.6053618568635,-14.515783822736845,-17.787594269257006,,,,,656.0
Agustin Ramirez,C,MIA,531,,,,,,,,579.0
Alek Thomas,OF,ARZ,532,1.0,0.6314390082095527,-0.2955588755391434,,,,,479.0
Michael Lorenzen,P,KC,533,-20.049261213283156,-12.743828387085523,-24.378425046061473,136.0,,,,425.0
Hunter Renfroe,OF,KC,534,1.461959401159905,0.6509598965638547,5.100329515148736,,,,,456.0
Joel Payamps,P,MLW,535,1.2770852461498543,6.101271599214783,4.100225379978458,,,,,413.0
Jarred Kelenic,OF,ATL,536,-4.837315071606796,0.8839572189393596,-6.0000252306912465,,,,,546.0
Andre Pallante,P,STL,537,-12.826804321340404,-9.424265379807997,-12.097470091520352,,,,,427.0
Tony Santillan,P,CIN,538,-1.3887347403508803,2.2398826262142713,0.2438335395842255,,,,,639.0
Elias Diaz,C,SD,539,-2.095592707890361,0.2670282089024876,1.0,,,,,636.0
Eury Perez,P,MIA,540,5.125167105960238,7.555664020660186,9.41227838243813,101.0,,,,540.0
Luken Baker,UT,STL,541,-4.475600785820649,-5.98880864721123,-3.3396601988481764,,,,,
Mickey Moniak,OF,LAA,542,-0.0954394031536771,1.9356581295972892,1.4166179570499824,,,,,569.0
Joey Cantillo,P,CLE,543,-0.3656646899782805,5.347722389319397,-1.6961024124423956,142.0,,,,435.0
Samuel Basallo,C,BAL,544,-5.336029900666436,-4.53208971368186,,,,,,
Lenyn Sosa,"2B, 3B",CWS,545,0.8805210884524023,-4.740688896634999,-2.4876383438396585,,,,,559.0
Randal Grichuk,OF,ARZ,546,-2.680098229112179,2.9012971883188334,-0.807170233611457,,,,,542.0
Seth Brown,"1B, OF",ATH,547,-1.219783413309255,3.296898631326027,0.1140016741815512,,,,,526.0
Zach McKinstry,"3B, SS, OF",DET,548,-5.31424716509571,-2.5612789687268895,-4.582629855609658,,,,,670.0
Colin Rea,P,CHC,549,-10.129619844201915,-9.720989881900188,-8.917747676073727,155.0,,,,631.0
Orlando Arcia,SS,ATL,550,2.5215194079548144,-0.2485149124234322,6.178843230420268,,,,,414.0
Connor Gillispie,P,MIA,551,-9.916674605617985,,-9.391105778004144,,,,,
Jace Jung,3B,DET,552,-4.521621460535509,-3.38202882612043,-5.925699156909241,,,,,499.0
Frankie Montas,P,NYM,553,-0.3941189740703881,-0.378030194219255,2.291972523652655,,,,,555.0
Tyson Miller,P,CHC,554,-2.679286866108282,0.2520601531554534,-0.2716096296806727,,,,,581.0
Johan Rojas,OF,PHI,555,-1.1525731818676803,-2.8393444222699533,-1.194768132149413,,,,,537.0
Miles Mikolas,P,STL,556,-9.214284297652826,-15.629083182236675,-13.610896964868209,,,,,352.0
Gabriel Arias,3B,CLE,557,-1.5820350709609876,-5.254007804872667,-1.4574938953979977,,,,,
Cal Quantrill,P,MIA,558,-22.254314974737454,-20.329659401382024,-20.941945648992235,164.0,,,,
Jose A. Ferrer,P,WAS,559,-0.1936372452874568,2.5433456537307833,-0.8216873753574676,,,,,500.0
Bryan Abreu,P,HOU,560,10.498685217862857,8.503572179438699,8.646105091153636,,36.0,5,,254.0
Steven Matz,P,STL,561,1.0121953303927818,-6.2727542712396955,-7.973369132100636,,,,,417.0
Ben Casparius,P,LAD,562,-3.5413778289686535,,-5.430476377511743,,,,,
Chase Dollander,P,COL,563,,,,,,,,696.0
Derek Hill,OF,MIA,564,-2.360993536526379,-2.669924370203959,-1.6167154210867394,,,,,562.0
Korey Lee,C,CWS,565,-3.271628378274861,-2.4829505212426604,-2.9142945800081095,,,,,
Will Vest,P,DET,566,4.6340355821347625,-0.4090206103637019,1.531330789369743,,,,,369.0
Sean Bouchard,OF,COL,567,-1.4240439179938242,-3.5832720707749166,-0.8952962525448076,,,,,615.0
Brandon Sproat,P,NYM,568,,,,,,,,312.0
Henry Davis,C,PIT,569,-3.8225773246494175,-2.1464059771833908,-3.559016084697003,,,,,
Albert Suarez,P,BAL,570,1.3571070575103004,,-5.4328768301197465,,,,,
James Outman,OF,LAD,571,-5.893096779224319,-5.739588379821408,-4.613603996479913,,,,,
Nick Martini,UT,COL,572,-10.861006973165276,,-11.775130801261009,,,,,
Brandon Drury,2B,LAA,573,-5.580394297935327,-6.443385509777246,-4.110505742078465,,,,,584.0
Carmen Mlodzinski,P,PIT,574,-6.877920905741727,-3.1864561106662093,-4.65030919849851,,,,,
Kyle Stowers,OF,MIA,575,1.1940102057605182,-1.2974244491366629,5.3631534970729,,,,,515.0
Javier Baez,SS,DET,576,-3.8366336643662704,-2.355629750544982,1.558116774183964,,,,,626.0
Matthew Liberatore,P,STL,577,2.173314899505648,0.5638646154099584,-0.738309521333192,145.0,,,,496.0
Tim Anderson,SS,MIA,578,-10.576377644697198,-10.184366026508131,-9.450854132862204,,,,,
Jake Rogers,C,DET,579,2.5472701014943055,3.2809430394849044,3.956131496519208,,,,,549.0
Bailey Falter,P,PIT,580,-13.712940355650302,-13.617568098824542,-14.195612350289062,,,,,543.0
Nick Yorke,2B,PIT,581,-4.931498131757448,-7.718928560239577,-5.789744692172538,,,,,545.0
Mason Montgomery,P,TB,582,0.2469632387574403,3.0530840543843585,-0.5269720818641439,,,,,577.0
Jorge Lopez,P,WAS,583,-1.7197963747142704,-5.095095056656015,-3.0054765711750298,,,,,588.0
Cody Bradford,P,TEX,584,1.5601705302188256,6.257103001593165,-2.1470119277111315,170.0,,,,269.0
Matt Strahm,P,PHI,585,10.791720833428744,9.42598925241946,9.672928612441636,,,,,490.0
Juan Brito,2B,CLE,586,-5.357659146179548,-7.709179576546619,-5.658472708054795,,,,,513.0
Abner Uribe,P,MLW,587,2.3914380265603237,1.829174959447094,1.401417570800524,,,,,
Wilmer Flores,1B,SF,588,-0.4132602925538855,-0.3846172990957024,1.0,,,,,567.0
Carson Kelly,C,CHC,589,1.3586179161339926,2.7047195689464223,1.0149660265089508,,,,,589.0
Bobby Miller,P,LAD,590,2.06458867045204,,0.0109572360113638,141.0,,,,666.0
Colby Thomas,OF,ATH,591,-6.684833137615695,-6.6117517267654184,-8.535162399052561,,,,,699.0
Jared Triolo,"2B, 3B",PIT,592,-4.15796092271133,-8.219524231709807,-5.707487098709018,,,,,
Daniel Lynch IV,P,KC,593,-5.854068122284798,,-10.181909660428394,,,,,
Miguel Rojas,SS,LAD,594,-9.656720616147696,-7.391262326357232,-8.942828770533628,,,,,690.0
Sean Newcomb,P,ATH,595,-5.658412925759478,,-5.209653432864048,,,,,
Deyvison De Los Santos,1B,MIA,596,0.4878274528030596,-2.318555302874377,-5.174480345392454,,,,,576.0
Anthony Banda,P,LAD,597,0.0872499888103561,-3.1216551020604593,-1.3940359111737468,,,,,
Davis Schneider,"2B, OF",TOR,598,-2.6924011940689585,-5.716901801539563,-2.5104083970540723,,,,,591.0
Ian Anderson,P,LAA,599,-7.879557385034637,-6.228633921860153,-8.843173050282841,,,,,691.0
Kyle Isbel,OF,KC,600,3.3810632676847225,3.579915373195313,5.182446202598583,,,,,349.0
Emiliano Teodo,P,TEX,601,,,,,,,,
Alex Verdugo,OF,ATL,602,-4.974859043719764,3.695673147250416,-7.08173090152272,,,,,468.0
Luis Gil,P,NYY,603,0.4016819361918539,1.6705327382136124,4.378969742297233,100.0,,,,390.0
Kyren Paris,2B,LAA,604,-11.331433936853593,-11.386514084263831,-9.510296359443505,,,,,
Michael Siani,OF,STL,605,-7.434797292071629,-8.733890659917002,-7.6475737483135475,,,,,683.0
